DATE,INSTRUMENT,UNDERLYING,EXPIRY DATE,MTM SETTLEMENT PRICE
10-FEB-2026,FUTIDX,BANKEX,26-FEB-2026,68146.65
10-FEB-2026,FUTIDX,BANKEX,25-MAR-2026,68424.45
10-FEB-2026,FUTIDX,BANKEX,30-APR-2026,68796.65
10-FEB-2026,FUTIDX,BANKNIFTY,24-FEB-2026,60704.00
10-FEB-2026,FUTIDX,BANKNIFTY,30-MAR-2026,61044.20
10-FEB-2026,FUTIDX,BANKNIFTY,28-APR-2026,61400.60
10-FEB-2026,FUTIDX,FINNIFTY,24-FEB-2026,28210.20
10-FEB-2026,FUTIDX,FINNIFTY,30-MAR-2026,27921.80
10-FEB-2026,FUTIDX,FINNIFTY,28-APR-2026,28515.20
10-FEB-2026,FUTIDX,MIDCPNIFTY,24-FEB-2026,13944.60
10-FEB-2026,FUTIDX,MIDCPNIFTY,30-MAR-2026,14008.90
10-FEB-2026,FUTIDX,MIDCPNIFTY,28-APR-2026,14077.65
10-FEB-2026,FUTIDX,NIFTY,24-FEB-2026,25985.60
10-FEB-2026,FUTIDX,NIFTY,30-MAR-2026,26138.70
10-FEB-2026,FUTIDX,NIFTY,28-APR-2026,26295.30
10-FEB-2026,FUTIDX,NIFTYNXT50,24-FEB-2026,69872.20
10-FEB-2026,FUTIDX,NIFTYNXT50,30-MAR-2026,70154.00
10-FEB-2026,FUTIDX,NIFTYNXT50,28-APR-2026,70644.60
10-FEB-2026,FUTIDX,SENSEX,26-FEB-2026,84513.60
10-FEB-2026,FUTIDX,SENSEX,25-MAR-2026,84956.10
10-FEB-2026,FUTIDX,SENSEX,30-APR-2026,85283.10
10-FEB-2026,FUTIDX,SENSEX50,26-FEB-2026,27152.50
10-FEB-2026,FUTIDX,SENSEX50,25-MAR-2026,27263.15
10-FEB-2026,FUTIDX,SENSEX50,30-APR-2026,27411.45
10-FEB-2026,FUTIDX,SX40,24-FEB-2026,48690.60
10-FEB-2026,FUTIDX,SX40,30-MAR-2026,48940.65
10-FEB-2026,FUTIDX,SX40,28-APR-2026,49155.00
10-FEB-2026,FUTIDX,SX40,30-JUN-2026,49623.85
10-FEB-2026,FUTIDX,SX40,29-SEP-2026,50309.00
10-FEB-2026,FUTSTK,011NSETEST,27-NOV-2036,381.20
10-FEB-2026,FUTSTK,021NSETEST,27-NOV-2036,381.20
10-FEB-2026,FUTSTK,031NSETEST,27-NOV-2036,381.20
10-FEB-2026,FUTSTK,041NSETEST,27-NOV-2036,381.20
10-FEB-2026,FUTSTK,051NSETEST,27-NOV-2036,381.20
10-FEB-2026,FUTSTK,061NSETEST,27-NOV-2036,381.20
10-FEB-2026,FUTSTK,071NSETEST,27-NOV-2036,381.20
10-FEB-2026,FUTSTK,081NSETEST,27-NOV-2036,381.20
10-FEB-2026,FUTSTK,091NSETEST,27-NOV-2036,381.20
10-FEB-2026,FUTSTK,101NSETEST,27-NOV-2036,381.20
10-FEB-2026,FUTSTK,111NSETEST,27-NOV-2036,381.20
10-FEB-2026,FUTSTK,121NSETEST,27-NOV-2036,381.20
10-FEB-2026,FUTSTK,131NSETEST,27-NOV-2036,381.20
10-FEB-2026,FUTSTK,141NSETEST,27-NOV-2036,381.20
10-FEB-2026,FUTSTK,151NSETEST,27-NOV-2036,381.20
10-FEB-2026,FUTSTK,161NSETEST,27-NOV-2036,381.20
10-FEB-2026,FUTSTK,171NSETEST,27-NOV-2036,381.20
10-FEB-2026,FUTSTK,181NSETEST,27-NOV-2036,381.20
10-FEB-2026,FUTSTK,360ONE,24-FEB-2026,1164.00
10-FEB-2026,FUTSTK,360ONE,26-FEB-2026,1165.20
10-FEB-2026,FUTSTK,360ONE,25-MAR-2026,1169.95
10-FEB-2026,FUTSTK,360ONE,30-MAR-2026,1161.20
10-FEB-2026,FUTSTK,360ONE,28-APR-2026,1176.00
10-FEB-2026,FUTSTK,360ONE,30-APR-2026,1176.30
10-FEB-2026,FUTSTK,ABB,24-FEB-2026,5881.00
10-FEB-2026,FUTSTK,ABB,26-FEB-2026,5884.15
10-FEB-2026,FUTSTK,ABB,25-MAR-2026,5908.15
10-FEB-2026,FUTSTK,ABB,30-MAR-2026,5872.50
10-FEB-2026,FUTSTK,ABB,28-APR-2026,5877.00
10-FEB-2026,FUTSTK,ABB,30-APR-2026,5940.30
10-FEB-2026,FUTSTK,ABCAPITAL,24-FEB-2026,354.90
10-FEB-2026,FUTSTK,ABCAPITAL,26-FEB-2026,354.60
10-FEB-2026,FUTSTK,ABCAPITAL,25-MAR-2026,356.05
10-FEB-2026,FUTSTK,ABCAPITAL,30-MAR-2026,355.55
10-FEB-2026,FUTSTK,ABCAPITAL,28-APR-2026,357.90
10-FEB-2026,FUTSTK,ABCAPITAL,30-APR-2026,358.00
10-FEB-2026,FUTSTK,ADANIENSOL,24-FEB-2026,1019.55
10-FEB-2026,FUTSTK,ADANIENSOL,26-FEB-2026,1019.15
10-FEB-2026,FUTSTK,ADANIENSOL,25-MAR-2026,1023.30
10-FEB-2026,FUTSTK,ADANIENSOL,30-MAR-2026,1024.55
10-FEB-2026,FUTSTK,ADANIENSOL,28-APR-2026,1028.55
10-FEB-2026,FUTSTK,ADANIENSOL,30-APR-2026,1028.90
10-FEB-2026,FUTSTK,ADANIENT,24-FEB-2026,2229.80
10-FEB-2026,FUTSTK,ADANIENT,26-FEB-2026,2233.75
10-FEB-2026,FUTSTK,ADANIENT,25-MAR-2026,2242.85
10-FEB-2026,FUTSTK,ADANIENT,30-MAR-2026,2231.70
10-FEB-2026,FUTSTK,ADANIENT,28-APR-2026,2236.60
10-FEB-2026,FUTSTK,ADANIENT,30-APR-2026,2255.05
10-FEB-2026,FUTSTK,ADANIGREEN,24-FEB-2026,981.20
10-FEB-2026,FUTSTK,ADANIGREEN,26-FEB-2026,980.70
10-FEB-2026,FUTSTK,ADANIGREEN,25-MAR-2026,984.70
10-FEB-2026,FUTSTK,ADANIGREEN,30-MAR-2026,986.25
10-FEB-2026,FUTSTK,ADANIGREEN,28-APR-2026,993.35
10-FEB-2026,FUTSTK,ADANIGREEN,30-APR-2026,990.05
10-FEB-2026,FUTSTK,ADANIPORTS,24-FEB-2026,1559.40
10-FEB-2026,FUTSTK,ADANIPORTS,26-FEB-2026,1558.45
10-FEB-2026,FUTSTK,ADANIPORTS,25-MAR-2026,1564.80
10-FEB-2026,FUTSTK,ADANIPORTS,30-MAR-2026,1569.20
10-FEB-2026,FUTSTK,ADANIPORTS,28-APR-2026,1579.70
10-FEB-2026,FUTSTK,ADANIPORTS,30-APR-2026,1573.30
10-FEB-2026,FUTSTK,ALKEM,24-FEB-2026,5771.50
10-FEB-2026,FUTSTK,ALKEM,26-FEB-2026,5825.55
10-FEB-2026,FUTSTK,ALKEM,25-MAR-2026,5849.25
10-FEB-2026,FUTSTK,ALKEM,30-MAR-2026,5790.50
10-FEB-2026,FUTSTK,ALKEM,28-APR-2026,5879.50
10-FEB-2026,FUTSTK,ALKEM,30-APR-2026,5881.10
10-FEB-2026,FUTSTK,AMBER,24-FEB-2026,7453.00
10-FEB-2026,FUTSTK,AMBER,26-FEB-2026,7528.65
10-FEB-2026,FUTSTK,AMBER,25-MAR-2026,7559.30
10-FEB-2026,FUTSTK,AMBER,30-MAR-2026,7345.50
10-FEB-2026,FUTSTK,AMBER,28-APR-2026,7598.00
10-FEB-2026,FUTSTK,AMBER,30-APR-2026,7600.45
10-FEB-2026,FUTSTK,AMBUJACEM,24-FEB-2026,539.90
10-FEB-2026,FUTSTK,AMBUJACEM,26-FEB-2026,539.80
10-FEB-2026,FUTSTK,AMBUJACEM,25-MAR-2026,542.00
10-FEB-2026,FUTSTK,AMBUJACEM,30-MAR-2026,542.10
10-FEB-2026,FUTSTK,AMBUJACEM,28-APR-2026,542.40
10-FEB-2026,FUTSTK,AMBUJACEM,30-APR-2026,544.95
10-FEB-2026,FUTSTK,ANGELONE,24-FEB-2026,2792.50
10-FEB-2026,FUTSTK,ANGELONE,26-FEB-2026,2789.70
10-FEB-2026,FUTSTK,ANGELONE,25-MAR-2026,2801.10
10-FEB-2026,FUTSTK,ANGELONE,30-MAR-2026,2785.40
10-FEB-2026,FUTSTK,ANGELONE,28-APR-2026,2781.30
10-FEB-2026,FUTSTK,ANGELONE,30-APR-2026,2816.35
10-FEB-2026,FUTSTK,APLAPOLLO,24-FEB-2026,2239.70
10-FEB-2026,FUTSTK,APLAPOLLO,26-FEB-2026,2244.10
10-FEB-2026,FUTSTK,APLAPOLLO,25-MAR-2026,2253.25
10-FEB-2026,FUTSTK,APLAPOLLO,30-MAR-2026,2251.40
10-FEB-2026,FUTSTK,APLAPOLLO,28-APR-2026,2259.00
10-FEB-2026,FUTSTK,APLAPOLLO,30-APR-2026,2265.50
10-FEB-2026,FUTSTK,APOLLOHOSP,24-FEB-2026,7213.50
10-FEB-2026,FUTSTK,APOLLOHOSP,26-FEB-2026,7236.50
10-FEB-2026,FUTSTK,APOLLOHOSP,25-MAR-2026,7265.95
10-FEB-2026,FUTSTK,APOLLOHOSP,30-MAR-2026,7259.50
10-FEB-2026,FUTSTK,APOLLOHOSP,28-APR-2026,7292.50
10-FEB-2026,FUTSTK,APOLLOHOSP,30-APR-2026,7305.50
10-FEB-2026,FUTSTK,ASHOKLEY,24-FEB-2026,208.47
10-FEB-2026,FUTSTK,ASHOKLEY,26-FEB-2026,210.25
10-FEB-2026,FUTSTK,ASHOKLEY,25-MAR-2026,211.10
10-FEB-2026,FUTSTK,ASHOKLEY,30-MAR-2026,206.58
10-FEB-2026,FUTSTK,ASHOKLEY,28-APR-2026,205.34
10-FEB-2026,FUTSTK,ASHOKLEY,30-APR-2026,212.25
10-FEB-2026,FUTSTK,ASIANPAINT,24-FEB-2026,2401.80
10-FEB-2026,FUTSTK,ASIANPAINT,26-FEB-2026,2399.40
10-FEB-2026,FUTSTK,ASIANPAINT,25-MAR-2026,2409.15
10-FEB-2026,FUTSTK,ASIANPAINT,30-MAR-2026,2415.60
10-FEB-2026,FUTSTK,ASIANPAINT,28-APR-2026,2429.60
10-FEB-2026,FUTSTK,ASIANPAINT,30-APR-2026,2422.25
10-FEB-2026,FUTSTK,ASTRAL,24-FEB-2026,1537.00
10-FEB-2026,FUTSTK,ASTRAL,26-FEB-2026,1535.90
10-FEB-2026,FUTSTK,ASTRAL,25-MAR-2026,1542.15
10-FEB-2026,FUTSTK,ASTRAL,30-MAR-2026,1526.00
10-FEB-2026,FUTSTK,ASTRAL,28-APR-2026,1522.50
10-FEB-2026,FUTSTK,ASTRAL,30-APR-2026,1550.55
10-FEB-2026,FUTSTK,AUBANK,24-FEB-2026,1001.90
10-FEB-2026,FUTSTK,AUBANK,26-FEB-2026,1003.55
10-FEB-2026,FUTSTK,AUBANK,25-MAR-2026,1007.65
10-FEB-2026,FUTSTK,AUBANK,30-MAR-2026,1004.95
10-FEB-2026,FUTSTK,AUBANK,28-APR-2026,1009.00
10-FEB-2026,FUTSTK,AUBANK,30-APR-2026,1013.15
10-FEB-2026,FUTSTK,AUROPHARMA,24-FEB-2026,1126.60
10-FEB-2026,FUTSTK,AUROPHARMA,26-FEB-2026,1126.75
10-FEB-2026,FUTSTK,AUROPHARMA,25-MAR-2026,1131.35
10-FEB-2026,FUTSTK,AUROPHARMA,30-MAR-2026,1131.00
10-FEB-2026,FUTSTK,AUROPHARMA,28-APR-2026,1145.00
10-FEB-2026,FUTSTK,AUROPHARMA,30-APR-2026,1137.50
10-FEB-2026,FUTSTK,AXISBANK,24-FEB-2026,1357.20
10-FEB-2026,FUTSTK,AXISBANK,26-FEB-2026,1359.95
10-FEB-2026,FUTSTK,AXISBANK,25-MAR-2026,1365.50
10-FEB-2026,FUTSTK,AXISBANK,30-MAR-2026,1365.20
10-FEB-2026,FUTSTK,AXISBANK,28-APR-2026,1373.00
10-FEB-2026,FUTSTK,AXISBANK,30-APR-2026,1372.95
10-FEB-2026,FUTSTK,BAJAJ-AUTO,24-FEB-2026,9805.00
10-FEB-2026,FUTSTK,BAJAJ-AUTO,26-FEB-2026,9797.55
10-FEB-2026,FUTSTK,BAJAJ-AUTO,25-MAR-2026,9837.50
10-FEB-2026,FUTSTK,BAJAJ-AUTO,30-MAR-2026,9835.50
10-FEB-2026,FUTSTK,BAJAJ-AUTO,28-APR-2026,9869.00
10-FEB-2026,FUTSTK,BAJAJ-AUTO,30-APR-2026,9891.00
10-FEB-2026,FUTSTK,BAJAJFINSV,24-FEB-2026,2029.40
10-FEB-2026,FUTSTK,BAJAJFINSV,26-FEB-2026,2032.80
10-FEB-2026,FUTSTK,BAJAJFINSV,25-MAR-2026,2041.10
10-FEB-2026,FUTSTK,BAJAJFINSV,30-MAR-2026,2041.60
10-FEB-2026,FUTSTK,BAJAJFINSV,28-APR-2026,2056.10
10-FEB-2026,FUTSTK,BAJAJFINSV,30-APR-2026,2052.20
10-FEB-2026,FUTSTK,BAJAJHLDNG,24-FEB-2026,11118.00
10-FEB-2026,FUTSTK,BAJAJHLDNG,26-FEB-2026,11107.60
10-FEB-2026,FUTSTK,BAJAJHLDNG,25-MAR-2026,11152.90
10-FEB-2026,FUTSTK,BAJAJHLDNG,30-MAR-2026,11175.00
10-FEB-2026,FUTSTK,BAJAJHLDNG,28-APR-2026,11210.00
10-FEB-2026,FUTSTK,BAJAJHLDNG,30-APR-2026,11213.55
10-FEB-2026,FUTSTK,BAJFINANCE,24-FEB-2026,968.50
10-FEB-2026,FUTSTK,BAJFINANCE,26-FEB-2026,967.95
10-FEB-2026,FUTSTK,BAJFINANCE,25-MAR-2026,971.90
10-FEB-2026,FUTSTK,BAJFINANCE,30-MAR-2026,974.40
10-FEB-2026,FUTSTK,BAJFINANCE,28-APR-2026,980.30
10-FEB-2026,FUTSTK,BAJFINANCE,30-APR-2026,977.15
10-FEB-2026,FUTSTK,BANDHANBNK,24-FEB-2026,166.67
10-FEB-2026,FUTSTK,BANDHANBNK,26-FEB-2026,167.10
10-FEB-2026,FUTSTK,BANDHANBNK,25-MAR-2026,167.80
10-FEB-2026,FUTSTK,BANDHANBNK,30-MAR-2026,167.57
10-FEB-2026,FUTSTK,BANDHANBNK,28-APR-2026,168.46
10-FEB-2026,FUTSTK,BANDHANBNK,30-APR-2026,168.70
10-FEB-2026,FUTSTK,BANKBARODA,24-FEB-2026,291.30
10-FEB-2026,FUTSTK,BANKBARODA,26-FEB-2026,291.05
10-FEB-2026,FUTSTK,BANKBARODA,25-MAR-2026,292.25
10-FEB-2026,FUTSTK,BANKBARODA,30-MAR-2026,293.10
10-FEB-2026,FUTSTK,BANKBARODA,28-APR-2026,295.35
10-FEB-2026,FUTSTK,BANKBARODA,30-APR-2026,293.85
10-FEB-2026,FUTSTK,BANKINDIA,24-FEB-2026,167.72
10-FEB-2026,FUTSTK,BANKINDIA,26-FEB-2026,167.90
10-FEB-2026,FUTSTK,BANKINDIA,25-MAR-2026,168.60
10-FEB-2026,FUTSTK,BANKINDIA,30-MAR-2026,168.79
10-FEB-2026,FUTSTK,BANKINDIA,28-APR-2026,169.45
10-FEB-2026,FUTSTK,BANKINDIA,30-APR-2026,169.50
10-FEB-2026,FUTSTK,BDL,24-FEB-2026,1291.50
10-FEB-2026,FUTSTK,BDL,26-FEB-2026,1303.15
10-FEB-2026,FUTSTK,BDL,25-MAR-2026,1308.45
10-FEB-2026,FUTSTK,BDL,30-MAR-2026,1282.90
10-FEB-2026,FUTSTK,BDL,28-APR-2026,1277.50
10-FEB-2026,FUTSTK,BDL,30-APR-2026,1315.55
10-FEB-2026,FUTSTK,BEL,24-FEB-2026,437.45
10-FEB-2026,FUTSTK,BEL,26-FEB-2026,438.35
10-FEB-2026,FUTSTK,BEL,25-MAR-2026,440.15
10-FEB-2026,FUTSTK,BEL,30-MAR-2026,439.20
10-FEB-2026,FUTSTK,BEL,28-APR-2026,441.85
10-FEB-2026,FUTSTK,BEL,30-APR-2026,442.55
10-FEB-2026,FUTSTK,BHARATFORG,24-FEB-2026,1617.40
10-FEB-2026,FUTSTK,BHARATFORG,26-FEB-2026,1618.05
10-FEB-2026,FUTSTK,BHARATFORG,25-MAR-2026,1624.65
10-FEB-2026,FUTSTK,BHARATFORG,30-MAR-2026,1622.90
10-FEB-2026,FUTSTK,BHARATFORG,28-APR-2026,1627.60
10-FEB-2026,FUTSTK,BHARATFORG,30-APR-2026,1633.50
10-FEB-2026,FUTSTK,BHARTIARTL,24-FEB-2026,2016.90
10-FEB-2026,FUTSTK,BHARTIARTL,26-FEB-2026,2016.15
10-FEB-2026,FUTSTK,BHARTIARTL,25-MAR-2026,2024.35
10-FEB-2026,FUTSTK,BHARTIARTL,30-MAR-2026,2029.30
10-FEB-2026,FUTSTK,BHARTIARTL,28-APR-2026,2041.50
10-FEB-2026,FUTSTK,BHARTIARTL,30-APR-2026,2035.40
10-FEB-2026,FUTSTK,BHEL,24-FEB-2026,276.80
10-FEB-2026,FUTSTK,BHEL,26-FEB-2026,276.75
10-FEB-2026,FUTSTK,BHEL,25-MAR-2026,277.90
10-FEB-2026,FUTSTK,BHEL,30-MAR-2026,278.40
10-FEB-2026,FUTSTK,BHEL,28-APR-2026,279.80
10-FEB-2026,FUTSTK,BHEL,30-APR-2026,279.40
10-FEB-2026,FUTSTK,BIOCON,24-FEB-2026,372.00
10-FEB-2026,FUTSTK,BIOCON,26-FEB-2026,371.95
10-FEB-2026,FUTSTK,BIOCON,25-MAR-2026,373.45
10-FEB-2026,FUTSTK,BIOCON,30-MAR-2026,374.45
10-FEB-2026,FUTSTK,BIOCON,28-APR-2026,376.50
10-FEB-2026,FUTSTK,BIOCON,30-APR-2026,375.50
10-FEB-2026,FUTSTK,BLUESTARCO,24-FEB-2026,1956.80
10-FEB-2026,FUTSTK,BLUESTARCO,26-FEB-2026,1953.05
10-FEB-2026,FUTSTK,BLUESTARCO,25-MAR-2026,1961.00
10-FEB-2026,FUTSTK,BLUESTARCO,30-MAR-2026,1957.10
10-FEB-2026,FUTSTK,BLUESTARCO,28-APR-2026,1971.10
10-FEB-2026,FUTSTK,BLUESTARCO,30-APR-2026,1971.70
10-FEB-2026,FUTSTK,BOSCHLTD,24-FEB-2026,35680.00
10-FEB-2026,FUTSTK,BOSCHLTD,26-FEB-2026,35660.10
10-FEB-2026,FUTSTK,BOSCHLTD,25-MAR-2026,35805.50
10-FEB-2026,FUTSTK,BOSCHLTD,30-MAR-2026,35860.00
10-FEB-2026,FUTSTK,BOSCHLTD,28-APR-2026,36000.00
10-FEB-2026,FUTSTK,BOSCHLTD,30-APR-2026,36000.25
10-FEB-2026,FUTSTK,BPCL,24-FEB-2026,387.10
10-FEB-2026,FUTSTK,BPCL,26-FEB-2026,387.30
10-FEB-2026,FUTSTK,BPCL,25-MAR-2026,388.85
10-FEB-2026,FUTSTK,BPCL,30-MAR-2026,389.55
10-FEB-2026,FUTSTK,BPCL,28-APR-2026,390.00
10-FEB-2026,FUTSTK,BPCL,30-APR-2026,391.00
10-FEB-2026,FUTSTK,BRITANNIA,24-FEB-2026,5879.50
10-FEB-2026,FUTSTK,BRITANNIA,26-FEB-2026,5887.70
10-FEB-2026,FUTSTK,BRITANNIA,25-MAR-2026,5911.70
10-FEB-2026,FUTSTK,BRITANNIA,30-MAR-2026,5919.50
10-FEB-2026,FUTSTK,BRITANNIA,28-APR-2026,5942.00
10-FEB-2026,FUTSTK,BRITANNIA,30-APR-2026,5943.85
10-FEB-2026,FUTSTK,BSE,24-FEB-2026,3185.40
10-FEB-2026,FUTSTK,BSE,30-MAR-2026,3202.20
10-FEB-2026,FUTSTK,BSE,28-APR-2026,3217.80
10-FEB-2026,FUTSTK,CAMS,24-FEB-2026,745.20
10-FEB-2026,FUTSTK,CAMS,26-FEB-2026,744.40
10-FEB-2026,FUTSTK,CAMS,25-MAR-2026,747.45
10-FEB-2026,FUTSTK,CAMS,30-MAR-2026,746.20
10-FEB-2026,FUTSTK,CAMS,28-APR-2026,751.25
10-FEB-2026,FUTSTK,CAMS,30-APR-2026,751.50
10-FEB-2026,FUTSTK,CANBK,24-FEB-2026,147.35
10-FEB-2026,FUTSTK,CANBK,26-FEB-2026,147.20
10-FEB-2026,FUTSTK,CANBK,25-MAR-2026,147.80
10-FEB-2026,FUTSTK,CANBK,30-MAR-2026,147.92
10-FEB-2026,FUTSTK,CANBK,28-APR-2026,148.75
10-FEB-2026,FUTSTK,CANBK,30-APR-2026,148.60
10-FEB-2026,FUTSTK,CDSL,24-FEB-2026,1401.10
10-FEB-2026,FUTSTK,CDSL,30-MAR-2026,1399.50
10-FEB-2026,FUTSTK,CDSL,28-APR-2026,1401.20
10-FEB-2026,FUTSTK,CGPOWER,24-FEB-2026,682.00
10-FEB-2026,FUTSTK,CGPOWER,26-FEB-2026,683.20
10-FEB-2026,FUTSTK,CGPOWER,25-MAR-2026,686.00
10-FEB-2026,FUTSTK,CGPOWER,30-MAR-2026,685.20
10-FEB-2026,FUTSTK,CGPOWER,28-APR-2026,688.10
10-FEB-2026,FUTSTK,CGPOWER,30-APR-2026,689.70
10-FEB-2026,FUTSTK,CHOLAFIN,24-FEB-2026,1731.90
10-FEB-2026,FUTSTK,CHOLAFIN,26-FEB-2026,1730.35
10-FEB-2026,FUTSTK,CHOLAFIN,25-MAR-2026,1737.40
10-FEB-2026,FUTSTK,CHOLAFIN,30-MAR-2026,1739.60
10-FEB-2026,FUTSTK,CHOLAFIN,28-APR-2026,1746.50
10-FEB-2026,FUTSTK,CHOLAFIN,30-APR-2026,1746.85
10-FEB-2026,FUTSTK,CIPLA,24-FEB-2026,1346.30
10-FEB-2026,FUTSTK,CIPLA,26-FEB-2026,1345.35
10-FEB-2026,FUTSTK,CIPLA,25-MAR-2026,1350.80
10-FEB-2026,FUTSTK,CIPLA,30-MAR-2026,1354.60
10-FEB-2026,FUTSTK,CIPLA,28-APR-2026,1362.50
10-FEB-2026,FUTSTK,CIPLA,30-APR-2026,1358.15
10-FEB-2026,FUTSTK,COALINDIA,24-FEB-2026,427.35
10-FEB-2026,FUTSTK,COALINDIA,26-FEB-2026,432.00
10-FEB-2026,FUTSTK,COALINDIA,25-MAR-2026,433.75
10-FEB-2026,FUTSTK,COALINDIA,30-MAR-2026,430.05
10-FEB-2026,FUTSTK,COALINDIA,28-APR-2026,432.70
10-FEB-2026,FUTSTK,COALINDIA,30-APR-2026,436.10
10-FEB-2026,FUTSTK,COFORGE,24-FEB-2026,1556.10
10-FEB-2026,FUTSTK,COFORGE,26-FEB-2026,1554.70
10-FEB-2026,FUTSTK,COFORGE,25-MAR-2026,1561.05
10-FEB-2026,FUTSTK,COFORGE,30-MAR-2026,1563.70
10-FEB-2026,FUTSTK,COFORGE,28-APR-2026,1572.00
10-FEB-2026,FUTSTK,COFORGE,30-APR-2026,1569.50
10-FEB-2026,FUTSTK,COLPAL,24-FEB-2026,2190.10
10-FEB-2026,FUTSTK,COLPAL,26-FEB-2026,2188.30
10-FEB-2026,FUTSTK,COLPAL,25-MAR-2026,2197.25
10-FEB-2026,FUTSTK,COLPAL,30-MAR-2026,2196.80
10-FEB-2026,FUTSTK,COLPAL,28-APR-2026,2210.30
10-FEB-2026,FUTSTK,COLPAL,30-APR-2026,2209.20
10-FEB-2026,FUTSTK,CONCOR,24-FEB-2026,515.55
10-FEB-2026,FUTSTK,CONCOR,26-FEB-2026,514.85
10-FEB-2026,FUTSTK,CONCOR,25-MAR-2026,516.95
10-FEB-2026,FUTSTK,CONCOR,30-MAR-2026,518.75
10-FEB-2026,FUTSTK,CONCOR,28-APR-2026,522.45
10-FEB-2026,FUTSTK,CONCOR,30-APR-2026,519.75
10-FEB-2026,FUTSTK,CROMPTON,24-FEB-2026,261.91
10-FEB-2026,FUTSTK,CROMPTON,26-FEB-2026,262.30
10-FEB-2026,FUTSTK,CROMPTON,25-MAR-2026,263.35
10-FEB-2026,FUTSTK,CROMPTON,30-MAR-2026,263.62
10-FEB-2026,FUTSTK,CROMPTON,28-APR-2026,265.21
10-FEB-2026,FUTSTK,CROMPTON,30-APR-2026,264.80
10-FEB-2026,FUTSTK,CUMMINSIND,24-FEB-2026,4409.70
10-FEB-2026,FUTSTK,CUMMINSIND,26-FEB-2026,4428.95
10-FEB-2026,FUTSTK,CUMMINSIND,25-MAR-2026,4447.00
10-FEB-2026,FUTSTK,CUMMINSIND,30-MAR-2026,4427.70
10-FEB-2026,FUTSTK,CUMMINSIND,28-APR-2026,4439.20
10-FEB-2026,FUTSTK,CUMMINSIND,30-APR-2026,4471.20
10-FEB-2026,FUTSTK,DABUR,24-FEB-2026,520.00
10-FEB-2026,FUTSTK,DABUR,26-FEB-2026,520.95
10-FEB-2026,FUTSTK,DABUR,25-MAR-2026,523.10
10-FEB-2026,FUTSTK,DABUR,30-MAR-2026,522.70
10-FEB-2026,FUTSTK,DABUR,28-APR-2026,525.40
10-FEB-2026,FUTSTK,DABUR,30-APR-2026,525.90
10-FEB-2026,FUTSTK,DALBHARAT,24-FEB-2026,2194.50
10-FEB-2026,FUTSTK,DALBHARAT,26-FEB-2026,2196.65
10-FEB-2026,FUTSTK,DALBHARAT,25-MAR-2026,2205.60
10-FEB-2026,FUTSTK,DALBHARAT,30-MAR-2026,2207.70
10-FEB-2026,FUTSTK,DALBHARAT,28-APR-2026,2216.90
10-FEB-2026,FUTSTK,DALBHARAT,30-APR-2026,2217.60
10-FEB-2026,FUTSTK,DELHIVERY,24-FEB-2026,436.75
10-FEB-2026,FUTSTK,DELHIVERY,26-FEB-2026,437.00
10-FEB-2026,FUTSTK,DELHIVERY,25-MAR-2026,438.80
10-FEB-2026,FUTSTK,DELHIVERY,30-MAR-2026,439.40
10-FEB-2026,FUTSTK,DELHIVERY,28-APR-2026,441.05
10-FEB-2026,FUTSTK,DELHIVERY,30-APR-2026,441.15
10-FEB-2026,FUTSTK,DIVISLAB,24-FEB-2026,6182.00
10-FEB-2026,FUTSTK,DIVISLAB,26-FEB-2026,6190.35
10-FEB-2026,FUTSTK,DIVISLAB,25-MAR-2026,6215.60
10-FEB-2026,FUTSTK,DIVISLAB,30-MAR-2026,6219.50
10-FEB-2026,FUTSTK,DIVISLAB,28-APR-2026,6249.00
10-FEB-2026,FUTSTK,DIVISLAB,30-APR-2026,6249.40
10-FEB-2026,FUTSTK,DIXON,24-FEB-2026,11621.00
10-FEB-2026,FUTSTK,DIXON,26-FEB-2026,11636.80
10-FEB-2026,FUTSTK,DIXON,25-MAR-2026,11684.25
10-FEB-2026,FUTSTK,DIXON,30-MAR-2026,11685.00
10-FEB-2026,FUTSTK,DIXON,28-APR-2026,11761.00
10-FEB-2026,FUTSTK,DIXON,30-APR-2026,11747.80
10-FEB-2026,FUTSTK,DLF,24-FEB-2026,674.15
10-FEB-2026,FUTSTK,DLF,26-FEB-2026,673.40
10-FEB-2026,FUTSTK,DLF,25-MAR-2026,676.15
10-FEB-2026,FUTSTK,DLF,30-MAR-2026,678.00
10-FEB-2026,FUTSTK,DLF,28-APR-2026,682.25
10-FEB-2026,FUTSTK,DLF,30-APR-2026,679.85
10-FEB-2026,FUTSTK,DMART,24-FEB-2026,3998.80
10-FEB-2026,FUTSTK,DMART,26-FEB-2026,4011.85
10-FEB-2026,FUTSTK,DMART,25-MAR-2026,4028.20
10-FEB-2026,FUTSTK,DMART,30-MAR-2026,3992.80
10-FEB-2026,FUTSTK,DMART,28-APR-2026,4002.70
10-FEB-2026,FUTSTK,DMART,30-APR-2026,4050.15
10-FEB-2026,FUTSTK,DRREDDY,24-FEB-2026,1259.00
10-FEB-2026,FUTSTK,DRREDDY,26-FEB-2026,1259.05
10-FEB-2026,FUTSTK,DRREDDY,25-MAR-2026,1264.15
10-FEB-2026,FUTSTK,DRREDDY,30-MAR-2026,1265.40
10-FEB-2026,FUTSTK,DRREDDY,28-APR-2026,1272.00
10-FEB-2026,FUTSTK,DRREDDY,30-APR-2026,1271.05
10-FEB-2026,FUTSTK,EICHERMOT,24-FEB-2026,7305.00
10-FEB-2026,FUTSTK,EICHERMOT,26-FEB-2026,7313.60
10-FEB-2026,FUTSTK,EICHERMOT,25-MAR-2026,7343.40
10-FEB-2026,FUTSTK,EICHERMOT,30-MAR-2026,7353.00
10-FEB-2026,FUTSTK,EICHERMOT,28-APR-2026,7391.00
10-FEB-2026,FUTSTK,EICHERMOT,30-APR-2026,7383.35
10-FEB-2026,FUTSTK,ETERNAL,24-FEB-2026,304.10
10-FEB-2026,FUTSTK,ETERNAL,26-FEB-2026,304.55
10-FEB-2026,FUTSTK,ETERNAL,25-MAR-2026,305.75
10-FEB-2026,FUTSTK,ETERNAL,30-MAR-2026,306.00
10-FEB-2026,FUTSTK,ETERNAL,28-APR-2026,307.80
10-FEB-2026,FUTSTK,ETERNAL,30-APR-2026,307.45
10-FEB-2026,FUTSTK,EXIDEIND,24-FEB-2026,339.05
10-FEB-2026,FUTSTK,EXIDEIND,26-FEB-2026,339.60
10-FEB-2026,FUTSTK,EXIDEIND,25-MAR-2026,341.00
10-FEB-2026,FUTSTK,EXIDEIND,30-MAR-2026,341.30
10-FEB-2026,FUTSTK,EXIDEIND,28-APR-2026,343.15
10-FEB-2026,FUTSTK,EXIDEIND,30-APR-2026,342.85
10-FEB-2026,FUTSTK,FEDERALBNK,24-FEB-2026,281.85
10-FEB-2026,FUTSTK,FEDERALBNK,26-FEB-2026,282.95
10-FEB-2026,FUTSTK,FEDERALBNK,25-MAR-2026,284.10
10-FEB-2026,FUTSTK,FEDERALBNK,30-MAR-2026,282.65
10-FEB-2026,FUTSTK,FEDERALBNK,28-APR-2026,284.00
10-FEB-2026,FUTSTK,FEDERALBNK,30-APR-2026,285.65
10-FEB-2026,FUTSTK,FORTIS,24-FEB-2026,892.95
10-FEB-2026,FUTSTK,FORTIS,26-FEB-2026,894.10
10-FEB-2026,FUTSTK,FORTIS,25-MAR-2026,897.75
10-FEB-2026,FUTSTK,FORTIS,30-MAR-2026,898.35
10-FEB-2026,FUTSTK,FORTIS,28-APR-2026,902.35
10-FEB-2026,FUTSTK,FORTIS,30-APR-2026,902.65
10-FEB-2026,FUTSTK,GAIL,24-FEB-2026,165.06
10-FEB-2026,FUTSTK,GAIL,26-FEB-2026,164.95
10-FEB-2026,FUTSTK,GAIL,25-MAR-2026,165.60
10-FEB-2026,FUTSTK,GAIL,30-MAR-2026,166.08
10-FEB-2026,FUTSTK,GAIL,28-APR-2026,167.26
10-FEB-2026,FUTSTK,GAIL,30-APR-2026,166.50
10-FEB-2026,FUTSTK,GLENMARK,24-FEB-2026,1963.60
10-FEB-2026,FUTSTK,GLENMARK,26-FEB-2026,1962.70
10-FEB-2026,FUTSTK,GLENMARK,25-MAR-2026,1970.70
10-FEB-2026,FUTSTK,GLENMARK,30-MAR-2026,1975.20
10-FEB-2026,FUTSTK,GLENMARK,28-APR-2026,1980.80
10-FEB-2026,FUTSTK,GLENMARK,30-APR-2026,1981.40
10-FEB-2026,FUTSTK,GMRAIRPORT,24-FEB-2026,97.94
10-FEB-2026,FUTSTK,GMRAIRPORT,26-FEB-2026,98.05
10-FEB-2026,FUTSTK,GMRAIRPORT,25-MAR-2026,98.45
10-FEB-2026,FUTSTK,GMRAIRPORT,30-MAR-2026,98.54
10-FEB-2026,FUTSTK,GMRAIRPORT,28-APR-2026,98.95
10-FEB-2026,FUTSTK,GMRAIRPORT,30-APR-2026,99.00
10-FEB-2026,FUTSTK,GODREJCP,24-FEB-2026,1206.80
10-FEB-2026,FUTSTK,GODREJCP,26-FEB-2026,1209.50
10-FEB-2026,FUTSTK,GODREJCP,25-MAR-2026,1214.45
10-FEB-2026,FUTSTK,GODREJCP,30-MAR-2026,1212.10
10-FEB-2026,FUTSTK,GODREJCP,28-APR-2026,1220.70
10-FEB-2026,FUTSTK,GODREJCP,30-APR-2026,1221.05
10-FEB-2026,FUTSTK,GODREJPROP,24-FEB-2026,1824.10
10-FEB-2026,FUTSTK,GODREJPROP,26-FEB-2026,1825.15
10-FEB-2026,FUTSTK,GODREJPROP,25-MAR-2026,1832.60
10-FEB-2026,FUTSTK,GODREJPROP,30-MAR-2026,1833.90
10-FEB-2026,FUTSTK,GODREJPROP,28-APR-2026,1845.80
10-FEB-2026,FUTSTK,GODREJPROP,30-APR-2026,1842.55
10-FEB-2026,FUTSTK,GRASIM,24-FEB-2026,2958.10
10-FEB-2026,FUTSTK,GRASIM,26-FEB-2026,2961.05
10-FEB-2026,FUTSTK,GRASIM,25-MAR-2026,2973.10
10-FEB-2026,FUTSTK,GRASIM,30-MAR-2026,2977.50
10-FEB-2026,FUTSTK,GRASIM,28-APR-2026,2992.10
10-FEB-2026,FUTSTK,GRASIM,30-APR-2026,2989.25
10-FEB-2026,FUTSTK,HAL,24-FEB-2026,4139.40
10-FEB-2026,FUTSTK,HAL,26-FEB-2026,4178.40
10-FEB-2026,FUTSTK,HAL,25-MAR-2026,4195.45
10-FEB-2026,FUTSTK,HAL,30-MAR-2026,4162.30
10-FEB-2026,FUTSTK,HAL,28-APR-2026,4178.80
10-FEB-2026,FUTSTK,HAL,30-APR-2026,4218.25
10-FEB-2026,FUTSTK,HAVELLS,24-FEB-2026,1374.60
10-FEB-2026,FUTSTK,HAVELLS,26-FEB-2026,1376.40
10-FEB-2026,FUTSTK,HAVELLS,25-MAR-2026,1382.05
10-FEB-2026,FUTSTK,HAVELLS,30-MAR-2026,1381.00
10-FEB-2026,FUTSTK,HAVELLS,28-APR-2026,1388.50
10-FEB-2026,FUTSTK,HAVELLS,30-APR-2026,1389.55
10-FEB-2026,FUTSTK,HCLTECH,24-FEB-2026,1578.30
10-FEB-2026,FUTSTK,HCLTECH,26-FEB-2026,1576.90
10-FEB-2026,FUTSTK,HCLTECH,25-MAR-2026,1583.35
10-FEB-2026,FUTSTK,HCLTECH,30-MAR-2026,1587.80
10-FEB-2026,FUTSTK,HCLTECH,28-APR-2026,1587.30
10-FEB-2026,FUTSTK,HCLTECH,30-APR-2026,1591.95
10-FEB-2026,FUTSTK,HDFCAMC,24-FEB-2026,2819.50
10-FEB-2026,FUTSTK,HDFCAMC,26-FEB-2026,2823.60
10-FEB-2026,FUTSTK,HDFCAMC,25-MAR-2026,2835.10
10-FEB-2026,FUTSTK,HDFCAMC,30-MAR-2026,2834.50
10-FEB-2026,FUTSTK,HDFCAMC,28-APR-2026,2849.50
10-FEB-2026,FUTSTK,HDFCAMC,30-APR-2026,2850.55
10-FEB-2026,FUTSTK,HDFCBANK,24-FEB-2026,935.80
10-FEB-2026,FUTSTK,HDFCBANK,26-FEB-2026,934.65
10-FEB-2026,FUTSTK,HDFCBANK,25-MAR-2026,938.45
10-FEB-2026,FUTSTK,HDFCBANK,30-MAR-2026,941.95
10-FEB-2026,FUTSTK,HDFCBANK,28-APR-2026,947.40
10-FEB-2026,FUTSTK,HDFCBANK,30-APR-2026,943.55
10-FEB-2026,FUTSTK,HDFCLIFE,24-FEB-2026,706.35
10-FEB-2026,FUTSTK,HDFCLIFE,26-FEB-2026,705.65
10-FEB-2026,FUTSTK,HDFCLIFE,25-MAR-2026,708.55
10-FEB-2026,FUTSTK,HDFCLIFE,30-MAR-2026,710.85
10-FEB-2026,FUTSTK,HDFCLIFE,28-APR-2026,712.15
10-FEB-2026,FUTSTK,HDFCLIFE,30-APR-2026,712.40
10-FEB-2026,FUTSTK,HEROMOTOCO,24-FEB-2026,5664.00
10-FEB-2026,FUTSTK,HEROMOTOCO,26-FEB-2026,5767.35
10-FEB-2026,FUTSTK,HEROMOTOCO,25-MAR-2026,5790.85
10-FEB-2026,FUTSTK,HEROMOTOCO,30-MAR-2026,5695.00
10-FEB-2026,FUTSTK,HEROMOTOCO,28-APR-2026,5820.50
10-FEB-2026,FUTSTK,HEROMOTOCO,30-APR-2026,5822.35
10-FEB-2026,FUTSTK,HINDALCO,24-FEB-2026,968.20
10-FEB-2026,FUTSTK,HINDALCO,26-FEB-2026,971.25
10-FEB-2026,FUTSTK,HINDALCO,25-MAR-2026,975.20
10-FEB-2026,FUTSTK,HINDALCO,30-MAR-2026,973.35
10-FEB-2026,FUTSTK,HINDALCO,28-APR-2026,979.15
10-FEB-2026,FUTSTK,HINDALCO,30-APR-2026,980.50
10-FEB-2026,FUTSTK,HINDPETRO,24-FEB-2026,462.25
10-FEB-2026,FUTSTK,HINDPETRO,26-FEB-2026,462.35
10-FEB-2026,FUTSTK,HINDPETRO,25-MAR-2026,464.25
10-FEB-2026,FUTSTK,HINDPETRO,30-MAR-2026,464.85
10-FEB-2026,FUTSTK,HINDPETRO,28-APR-2026,466.20
10-FEB-2026,FUTSTK,HINDPETRO,30-APR-2026,466.75
10-FEB-2026,FUTSTK,HINDUNILVR,24-FEB-2026,2454.20
10-FEB-2026,FUTSTK,HINDUNILVR,26-FEB-2026,2459.50
10-FEB-2026,FUTSTK,HINDUNILVR,25-MAR-2026,2469.55
10-FEB-2026,FUTSTK,HINDUNILVR,30-MAR-2026,2467.40
10-FEB-2026,FUTSTK,HINDUNILVR,28-APR-2026,2483.70
10-FEB-2026,FUTSTK,HINDUNILVR,30-APR-2026,2483.00
10-FEB-2026,FUTSTK,HINDZINC,24-FEB-2026,619.55
10-FEB-2026,FUTSTK,HINDZINC,26-FEB-2026,619.20
10-FEB-2026,FUTSTK,HINDZINC,25-MAR-2026,621.70
10-FEB-2026,FUTSTK,HINDZINC,30-MAR-2026,623.05
10-FEB-2026,FUTSTK,HINDZINC,28-APR-2026,626.90
10-FEB-2026,FUTSTK,HINDZINC,30-APR-2026,625.10
10-FEB-2026,FUTSTK,HUDCO,24-FEB-2026,194.08
10-FEB-2026,FUTSTK,HUDCO,26-FEB-2026,194.35
10-FEB-2026,FUTSTK,HUDCO,25-MAR-2026,195.15
10-FEB-2026,FUTSTK,HUDCO,30-MAR-2026,195.10
10-FEB-2026,FUTSTK,HUDCO,28-APR-2026,196.16
10-FEB-2026,FUTSTK,HUDCO,30-APR-2026,196.20
10-FEB-2026,FUTSTK,ICICIBANK,24-FEB-2026,1408.30
10-FEB-2026,FUTSTK,ICICIBANK,26-FEB-2026,1409.90
10-FEB-2026,FUTSTK,ICICIBANK,25-MAR-2026,1415.65
10-FEB-2026,FUTSTK,ICICIBANK,30-MAR-2026,1416.80
10-FEB-2026,FUTSTK,ICICIBANK,28-APR-2026,1426.60
10-FEB-2026,FUTSTK,ICICIBANK,30-APR-2026,1423.35
10-FEB-2026,FUTSTK,ICICIGI,24-FEB-2026,1915.50
10-FEB-2026,FUTSTK,ICICIGI,26-FEB-2026,1914.25
10-FEB-2026,FUTSTK,ICICIGI,25-MAR-2026,1922.05
10-FEB-2026,FUTSTK,ICICIGI,30-MAR-2026,1914.20
10-FEB-2026,FUTSTK,ICICIGI,28-APR-2026,1931.90
10-FEB-2026,FUTSTK,ICICIGI,30-APR-2026,1932.50
10-FEB-2026,FUTSTK,ICICIPRULI,24-FEB-2026,644.85
10-FEB-2026,FUTSTK,ICICIPRULI,26-FEB-2026,644.55
10-FEB-2026,FUTSTK,ICICIPRULI,25-MAR-2026,647.20
10-FEB-2026,FUTSTK,ICICIPRULI,30-MAR-2026,648.15
10-FEB-2026,FUTSTK,ICICIPRULI,28-APR-2026,652.55
10-FEB-2026,FUTSTK,ICICIPRULI,30-APR-2026,650.70
10-FEB-2026,FUTSTK,IDEA,24-FEB-2026,11.51
10-FEB-2026,FUTSTK,IDEA,26-FEB-2026,11.50
10-FEB-2026,FUTSTK,IDEA,25-MAR-2026,11.55
10-FEB-2026,FUTSTK,IDEA,30-MAR-2026,11.60
10-FEB-2026,FUTSTK,IDEA,28-APR-2026,11.68
10-FEB-2026,FUTSTK,IDEA,30-APR-2026,11.60
10-FEB-2026,FUTSTK,IDFCFIRSTB,24-FEB-2026,84.08
10-FEB-2026,FUTSTK,IDFCFIRSTB,26-FEB-2026,83.95
10-FEB-2026,FUTSTK,IDFCFIRSTB,25-MAR-2026,84.30
10-FEB-2026,FUTSTK,IDFCFIRSTB,30-MAR-2026,84.58
10-FEB-2026,FUTSTK,IDFCFIRSTB,28-APR-2026,85.00
10-FEB-2026,FUTSTK,IDFCFIRSTB,30-APR-2026,84.75
10-FEB-2026,FUTSTK,IEX,24-FEB-2026,126.23
10-FEB-2026,FUTSTK,IEX,26-FEB-2026,126.45
10-FEB-2026,FUTSTK,IEX,25-MAR-2026,126.95
10-FEB-2026,FUTSTK,IEX,30-MAR-2026,126.85
10-FEB-2026,FUTSTK,IEX,28-APR-2026,127.74
10-FEB-2026,FUTSTK,IEX,30-APR-2026,127.65
10-FEB-2026,FUTSTK,INDHOTEL,24-FEB-2026,703.25
10-FEB-2026,FUTSTK,INDHOTEL,26-FEB-2026,704.25
10-FEB-2026,FUTSTK,INDHOTEL,25-MAR-2026,707.10
10-FEB-2026,FUTSTK,INDHOTEL,30-MAR-2026,707.55
10-FEB-2026,FUTSTK,INDHOTEL,28-APR-2026,712.30
10-FEB-2026,FUTSTK,INDHOTEL,30-APR-2026,710.95
10-FEB-2026,FUTSTK,INDIANB,24-FEB-2026,906.65
10-FEB-2026,FUTSTK,INDIANB,26-FEB-2026,908.25
10-FEB-2026,FUTSTK,INDIANB,25-MAR-2026,911.95
10-FEB-2026,FUTSTK,INDIANB,30-MAR-2026,908.75
10-FEB-2026,FUTSTK,INDIANB,28-APR-2026,913.55
10-FEB-2026,FUTSTK,INDIANB,30-APR-2026,916.90
10-FEB-2026,FUTSTK,INDIGO,24-FEB-2026,4978.10
10-FEB-2026,FUTSTK,INDIGO,26-FEB-2026,4972.35
10-FEB-2026,FUTSTK,INDIGO,25-MAR-2026,4992.65
10-FEB-2026,FUTSTK,INDIGO,30-MAR-2026,5004.70
10-FEB-2026,FUTSTK,INDIGO,28-APR-2026,5036.00
10-FEB-2026,FUTSTK,INDIGO,30-APR-2026,5019.80
10-FEB-2026,FUTSTK,INDUSINDBK,24-FEB-2026,926.45
10-FEB-2026,FUTSTK,INDUSINDBK,26-FEB-2026,929.85
10-FEB-2026,FUTSTK,INDUSINDBK,25-MAR-2026,933.65
10-FEB-2026,FUTSTK,INDUSINDBK,30-MAR-2026,931.95
10-FEB-2026,FUTSTK,INDUSINDBK,28-APR-2026,937.60
10-FEB-2026,FUTSTK,INDUSINDBK,30-APR-2026,938.70
10-FEB-2026,FUTSTK,INDUSTOWER,24-FEB-2026,459.25
10-FEB-2026,FUTSTK,INDUSTOWER,26-FEB-2026,460.25
10-FEB-2026,FUTSTK,INDUSTOWER,25-MAR-2026,462.15
10-FEB-2026,FUTSTK,INDUSTOWER,30-MAR-2026,462.20
10-FEB-2026,FUTSTK,INDUSTOWER,28-APR-2026,464.50
10-FEB-2026,FUTSTK,INDUSTOWER,30-APR-2026,464.65
10-FEB-2026,FUTSTK,INFY,24-FEB-2026,1501.70
10-FEB-2026,FUTSTK,INFY,26-FEB-2026,1501.40
10-FEB-2026,FUTSTK,INFY,25-MAR-2026,1507.55
10-FEB-2026,FUTSTK,INFY,30-MAR-2026,1510.40
10-FEB-2026,FUTSTK,INFY,28-APR-2026,1520.00
10-FEB-2026,FUTSTK,INFY,30-APR-2026,1515.75
10-FEB-2026,FUTSTK,INOXWIND,24-FEB-2026,111.39
10-FEB-2026,FUTSTK,INOXWIND,26-FEB-2026,111.45
10-FEB-2026,FUTSTK,INOXWIND,25-MAR-2026,111.90
10-FEB-2026,FUTSTK,INOXWIND,30-MAR-2026,111.90
10-FEB-2026,FUTSTK,INOXWIND,28-APR-2026,112.88
10-FEB-2026,FUTSTK,INOXWIND,30-APR-2026,112.55
10-FEB-2026,FUTSTK,IOC,24-FEB-2026,178.26
10-FEB-2026,FUTSTK,IOC,26-FEB-2026,178.65
10-FEB-2026,FUTSTK,IOC,25-MAR-2026,179.35
10-FEB-2026,FUTSTK,IOC,30-MAR-2026,178.97
10-FEB-2026,FUTSTK,IOC,28-APR-2026,180.09
10-FEB-2026,FUTSTK,IOC,30-APR-2026,180.35
10-FEB-2026,FUTSTK,IRCTC,24-FEB-2026,631.80
10-FEB-2026,FUTSTK,IRCTC,26-FEB-2026,637.75
10-FEB-2026,FUTSTK,IREDA,24-FEB-2026,128.62
10-FEB-2026,FUTSTK,IREDA,26-FEB-2026,129.60
10-FEB-2026,FUTSTK,IREDA,25-MAR-2026,130.15
10-FEB-2026,FUTSTK,IREDA,30-MAR-2026,127.37
10-FEB-2026,FUTSTK,IREDA,28-APR-2026,127.33
10-FEB-2026,FUTSTK,IREDA,30-APR-2026,130.85
10-FEB-2026,FUTSTK,IRFC,24-FEB-2026,115.82
10-FEB-2026,FUTSTK,IRFC,26-FEB-2026,115.75
10-FEB-2026,FUTSTK,IRFC,25-MAR-2026,116.20
10-FEB-2026,FUTSTK,IRFC,30-MAR-2026,114.63
10-FEB-2026,FUTSTK,IRFC,28-APR-2026,114.30
10-FEB-2026,FUTSTK,IRFC,30-APR-2026,116.85
10-FEB-2026,FUTSTK,ITC,24-FEB-2026,321.90
10-FEB-2026,FUTSTK,ITC,26-FEB-2026,322.20
10-FEB-2026,FUTSTK,ITC,25-MAR-2026,323.50
10-FEB-2026,FUTSTK,ITC,30-MAR-2026,324.00
10-FEB-2026,FUTSTK,ITC,28-APR-2026,326.00
10-FEB-2026,FUTSTK,ITC,30-APR-2026,325.25
10-FEB-2026,FUTSTK,JINDALSTEL,24-FEB-2026,1193.50
10-FEB-2026,FUTSTK,JINDALSTEL,26-FEB-2026,1194.30
10-FEB-2026,FUTSTK,JINDALSTEL,25-MAR-2026,1199.15
10-FEB-2026,FUTSTK,JINDALSTEL,30-MAR-2026,1198.70
10-FEB-2026,FUTSTK,JINDALSTEL,28-APR-2026,1207.90
10-FEB-2026,FUTSTK,JINDALSTEL,30-APR-2026,1205.65
10-FEB-2026,FUTSTK,JIOFIN,24-FEB-2026,270.85
10-FEB-2026,FUTSTK,JIOFIN,26-FEB-2026,270.85
10-FEB-2026,FUTSTK,JIOFIN,25-MAR-2026,271.95
10-FEB-2026,FUTSTK,JIOFIN,30-MAR-2026,272.70
10-FEB-2026,FUTSTK,JIOFIN,28-APR-2026,274.40
10-FEB-2026,FUTSTK,JIOFIN,30-APR-2026,273.45
10-FEB-2026,FUTSTK,JSWENERGY,24-FEB-2026,484.10
10-FEB-2026,FUTSTK,JSWENERGY,26-FEB-2026,484.85
10-FEB-2026,FUTSTK,JSWENERGY,25-MAR-2026,486.85
10-FEB-2026,FUTSTK,JSWENERGY,30-MAR-2026,487.20
10-FEB-2026,FUTSTK,JSWENERGY,28-APR-2026,490.30
10-FEB-2026,FUTSTK,JSWENERGY,30-APR-2026,489.50
10-FEB-2026,FUTSTK,JSWSTEEL,24-FEB-2026,1248.20
10-FEB-2026,FUTSTK,JSWSTEEL,26-FEB-2026,1247.10
10-FEB-2026,FUTSTK,JSWSTEEL,25-MAR-2026,1252.20
10-FEB-2026,FUTSTK,JSWSTEEL,30-MAR-2026,1255.20
10-FEB-2026,FUTSTK,JSWSTEEL,28-APR-2026,1258.60
10-FEB-2026,FUTSTK,JSWSTEEL,30-APR-2026,1259.00
10-FEB-2026,FUTSTK,JUBLFOOD,24-FEB-2026,556.20
10-FEB-2026,FUTSTK,JUBLFOOD,26-FEB-2026,555.75
10-FEB-2026,FUTSTK,JUBLFOOD,25-MAR-2026,558.00
10-FEB-2026,FUTSTK,JUBLFOOD,30-MAR-2026,551.55
10-FEB-2026,FUTSTK,JUBLFOOD,28-APR-2026,550.00
10-FEB-2026,FUTSTK,JUBLFOOD,30-APR-2026,561.05
10-FEB-2026,FUTSTK,KALYANKJIL,24-FEB-2026,434.80
10-FEB-2026,FUTSTK,KALYANKJIL,26-FEB-2026,434.95
10-FEB-2026,FUTSTK,KALYANKJIL,25-MAR-2026,436.70
10-FEB-2026,FUTSTK,KALYANKJIL,30-MAR-2026,436.85
10-FEB-2026,FUTSTK,KALYANKJIL,28-APR-2026,438.75
10-FEB-2026,FUTSTK,KALYANKJIL,30-APR-2026,439.10
10-FEB-2026,FUTSTK,KAYNES,24-FEB-2026,3961.40
10-FEB-2026,FUTSTK,KAYNES,26-FEB-2026,3967.10
10-FEB-2026,FUTSTK,KAYNES,25-MAR-2026,3983.25
10-FEB-2026,FUTSTK,KAYNES,30-MAR-2026,3956.60
10-FEB-2026,FUTSTK,KAYNES,28-APR-2026,3954.10
10-FEB-2026,FUTSTK,KAYNES,30-APR-2026,4004.95
10-FEB-2026,FUTSTK,KEI,24-FEB-2026,4606.60
10-FEB-2026,FUTSTK,KEI,26-FEB-2026,4601.65
10-FEB-2026,FUTSTK,KEI,25-MAR-2026,4620.40
10-FEB-2026,FUTSTK,KEI,30-MAR-2026,4547.20
10-FEB-2026,FUTSTK,KEI,28-APR-2026,4644.10
10-FEB-2026,FUTSTK,KEI,30-APR-2026,4645.50
10-FEB-2026,FUTSTK,KFINTECH,24-FEB-2026,1026.10
10-FEB-2026,FUTSTK,KFINTECH,26-FEB-2026,1024.90
10-FEB-2026,FUTSTK,KFINTECH,25-MAR-2026,1029.10
10-FEB-2026,FUTSTK,KFINTECH,30-MAR-2026,1005.90
10-FEB-2026,FUTSTK,KFINTECH,28-APR-2026,1003.40
10-FEB-2026,FUTSTK,KFINTECH,30-APR-2026,1034.70
10-FEB-2026,FUTSTK,KOTAKBANK,24-FEB-2026,429.80
10-FEB-2026,FUTSTK,KOTAKBANK,26-FEB-2026,430.35
10-FEB-2026,FUTSTK,KOTAKBANK,25-MAR-2026,432.10
10-FEB-2026,FUTSTK,KOTAKBANK,30-MAR-2026,432.35
10-FEB-2026,FUTSTK,KOTAKBANK,28-APR-2026,435.00
10-FEB-2026,FUTSTK,KOTAKBANK,30-APR-2026,434.45
10-FEB-2026,FUTSTK,KPITTECH,24-FEB-2026,977.00
10-FEB-2026,FUTSTK,KPITTECH,26-FEB-2026,975.95
10-FEB-2026,FUTSTK,KPITTECH,25-MAR-2026,979.95
10-FEB-2026,FUTSTK,KPITTECH,30-MAR-2026,975.40
10-FEB-2026,FUTSTK,KPITTECH,28-APR-2026,979.00
10-FEB-2026,FUTSTK,KPITTECH,30-APR-2026,985.25
10-FEB-2026,FUTSTK,LAURUSLABS,24-FEB-2026,969.65
10-FEB-2026,FUTSTK,LAURUSLABS,26-FEB-2026,968.70
10-FEB-2026,FUTSTK,LAURUSLABS,25-MAR-2026,972.65
10-FEB-2026,FUTSTK,LAURUSLABS,30-MAR-2026,975.60
10-FEB-2026,FUTSTK,LAURUSLABS,28-APR-2026,981.55
10-FEB-2026,FUTSTK,LAURUSLABS,30-APR-2026,977.90
10-FEB-2026,FUTSTK,LICHSGFIN,24-FEB-2026,523.95
10-FEB-2026,FUTSTK,LICHSGFIN,26-FEB-2026,523.80
10-FEB-2026,FUTSTK,LICHSGFIN,25-MAR-2026,525.95
10-FEB-2026,FUTSTK,LICHSGFIN,30-MAR-2026,526.95
10-FEB-2026,FUTSTK,LICHSGFIN,28-APR-2026,530.90
10-FEB-2026,FUTSTK,LICHSGFIN,30-APR-2026,528.80
10-FEB-2026,FUTSTK,LICI,24-FEB-2026,892.45
10-FEB-2026,FUTSTK,LICI,26-FEB-2026,893.85
10-FEB-2026,FUTSTK,LICI,25-MAR-2026,897.50
10-FEB-2026,FUTSTK,LICI,30-MAR-2026,897.75
10-FEB-2026,FUTSTK,LICI,28-APR-2026,903.55
10-FEB-2026,FUTSTK,LICI,30-APR-2026,902.40
10-FEB-2026,FUTSTK,LODHA,24-FEB-2026,1095.40
10-FEB-2026,FUTSTK,LODHA,26-FEB-2026,1097.70
10-FEB-2026,FUTSTK,LODHA,25-MAR-2026,1102.15
10-FEB-2026,FUTSTK,LODHA,30-MAR-2026,1100.45
10-FEB-2026,FUTSTK,LODHA,28-APR-2026,1106.00
10-FEB-2026,FUTSTK,LODHA,30-APR-2026,1108.15
10-FEB-2026,FUTSTK,LT,24-FEB-2026,4169.90
10-FEB-2026,FUTSTK,LT,26-FEB-2026,4179.05
10-FEB-2026,FUTSTK,LT,25-MAR-2026,4196.10
10-FEB-2026,FUTSTK,LT,30-MAR-2026,4195.00
10-FEB-2026,FUTSTK,LT,28-APR-2026,4224.00
10-FEB-2026,FUTSTK,LT,30-APR-2026,4218.90
10-FEB-2026,FUTSTK,LTF,24-FEB-2026,293.95
10-FEB-2026,FUTSTK,LTF,26-FEB-2026,294.70
10-FEB-2026,FUTSTK,LTF,25-MAR-2026,295.90
10-FEB-2026,FUTSTK,LTF,30-MAR-2026,293.05
10-FEB-2026,FUTSTK,LTF,28-APR-2026,293.10
10-FEB-2026,FUTSTK,LTF,30-APR-2026,297.50
10-FEB-2026,FUTSTK,LTIM,24-FEB-2026,5659.50
10-FEB-2026,FUTSTK,LTIM,26-FEB-2026,5675.65
10-FEB-2026,FUTSTK,LTIM,25-MAR-2026,5698.80
10-FEB-2026,FUTSTK,LTIM,30-MAR-2026,5670.50
10-FEB-2026,FUTSTK,LTIM,28-APR-2026,5697.50
10-FEB-2026,FUTSTK,LTIM,30-APR-2026,5729.80
10-FEB-2026,FUTSTK,LUPIN,24-FEB-2026,2211.70
10-FEB-2026,FUTSTK,LUPIN,26-FEB-2026,2209.40
10-FEB-2026,FUTSTK,LUPIN,25-MAR-2026,2218.45
10-FEB-2026,FUTSTK,LUPIN,30-MAR-2026,2225.00
10-FEB-2026,FUTSTK,LUPIN,28-APR-2026,2239.30
10-FEB-2026,FUTSTK,LUPIN,30-APR-2026,2230.50
10-FEB-2026,FUTSTK,M&M,24-FEB-2026,3680.60
10-FEB-2026,FUTSTK,M&M,26-FEB-2026,3684.65
10-FEB-2026,FUTSTK,M&M,25-MAR-2026,3699.70
10-FEB-2026,FUTSTK,M&M,30-MAR-2026,3704.10
10-FEB-2026,FUTSTK,M&M,28-APR-2026,3726.90
10-FEB-2026,FUTSTK,M&M,30-APR-2026,3719.80
10-FEB-2026,FUTSTK,MANAPPURAM,24-FEB-2026,309.20
10-FEB-2026,FUTSTK,MANAPPURAM,26-FEB-2026,309.70
10-FEB-2026,FUTSTK,MANAPPURAM,25-MAR-2026,310.95
10-FEB-2026,FUTSTK,MANAPPURAM,30-MAR-2026,310.55
10-FEB-2026,FUTSTK,MANAPPURAM,28-APR-2026,313.15
10-FEB-2026,FUTSTK,MANAPPURAM,30-APR-2026,312.65
10-FEB-2026,FUTSTK,MANKIND,24-FEB-2026,2074.50
10-FEB-2026,FUTSTK,MANKIND,26-FEB-2026,2078.05
10-FEB-2026,FUTSTK,MANKIND,25-MAR-2026,2086.50
10-FEB-2026,FUTSTK,MANKIND,30-MAR-2026,2076.20
10-FEB-2026,FUTSTK,MANKIND,28-APR-2026,2086.00
10-FEB-2026,FUTSTK,MANKIND,30-APR-2026,2097.90
10-FEB-2026,FUTSTK,MARICO,24-FEB-2026,765.25
10-FEB-2026,FUTSTK,MARICO,26-FEB-2026,766.70
10-FEB-2026,FUTSTK,MARICO,25-MAR-2026,769.80
10-FEB-2026,FUTSTK,MARICO,30-MAR-2026,765.10
10-FEB-2026,FUTSTK,MARICO,28-APR-2026,773.80
10-FEB-2026,FUTSTK,MARICO,30-APR-2026,774.00
10-FEB-2026,FUTSTK,MARUTI,24-FEB-2026,15197.00
10-FEB-2026,FUTSTK,MARUTI,26-FEB-2026,15182.65
10-FEB-2026,FUTSTK,MARUTI,25-MAR-2026,15244.55
10-FEB-2026,FUTSTK,MARUTI,30-MAR-2026,15285.00
10-FEB-2026,FUTSTK,MARUTI,28-APR-2026,15386.00
10-FEB-2026,FUTSTK,MARUTI,30-APR-2026,15327.50
10-FEB-2026,FUTSTK,MAXHEALTH,24-FEB-2026,1025.10
10-FEB-2026,FUTSTK,MAXHEALTH,26-FEB-2026,1023.95
10-FEB-2026,FUTSTK,MAXHEALTH,25-MAR-2026,1028.15
10-FEB-2026,FUTSTK,MAXHEALTH,30-MAR-2026,1031.35
10-FEB-2026,FUTSTK,MAXHEALTH,28-APR-2026,1033.40
10-FEB-2026,FUTSTK,MAXHEALTH,30-APR-2026,1033.75
10-FEB-2026,FUTSTK,MAZDOCK,24-FEB-2026,2433.10
10-FEB-2026,FUTSTK,MAZDOCK,26-FEB-2026,2445.00
10-FEB-2026,FUTSTK,MAZDOCK,25-MAR-2026,2454.95
10-FEB-2026,FUTSTK,MAZDOCK,30-MAR-2026,2441.80
10-FEB-2026,FUTSTK,MAZDOCK,28-APR-2026,2437.90
10-FEB-2026,FUTSTK,MAZDOCK,30-APR-2026,2468.30
10-FEB-2026,FUTSTK,MCX,24-FEB-2026,2472.20
10-FEB-2026,FUTSTK,MCX,26-FEB-2026,2476.70
10-FEB-2026,FUTSTK,MCX,25-MAR-2026,2486.80
10-FEB-2026,FUTSTK,MCX,30-MAR-2026,2486.20
10-FEB-2026,FUTSTK,MCX,28-APR-2026,2504.40
10-FEB-2026,FUTSTK,MCX,30-APR-2026,2500.35
10-FEB-2026,FUTSTK,MFSL,24-FEB-2026,1752.60
10-FEB-2026,FUTSTK,MFSL,26-FEB-2026,1751.40
10-FEB-2026,FUTSTK,MFSL,25-MAR-2026,1758.55
10-FEB-2026,FUTSTK,MFSL,30-MAR-2026,1757.80
10-FEB-2026,FUTSTK,MFSL,28-APR-2026,1767.60
10-FEB-2026,FUTSTK,MFSL,30-APR-2026,1768.10
10-FEB-2026,FUTSTK,MOTHERSON,24-FEB-2026,129.93
10-FEB-2026,FUTSTK,MOTHERSON,26-FEB-2026,129.75
10-FEB-2026,FUTSTK,MOTHERSON,25-MAR-2026,130.30
10-FEB-2026,FUTSTK,MOTHERSON,30-MAR-2026,130.56
10-FEB-2026,FUTSTK,MOTHERSON,28-APR-2026,131.36
10-FEB-2026,FUTSTK,MOTHERSON,30-APR-2026,131.00
10-FEB-2026,FUTSTK,MPHASIS,24-FEB-2026,2622.20
10-FEB-2026,FUTSTK,MPHASIS,26-FEB-2026,2620.45
10-FEB-2026,FUTSTK,MPHASIS,25-MAR-2026,2631.15
10-FEB-2026,FUTSTK,MPHASIS,30-MAR-2026,2636.50
10-FEB-2026,FUTSTK,MPHASIS,28-APR-2026,2652.30
10-FEB-2026,FUTSTK,MPHASIS,30-APR-2026,2645.45
10-FEB-2026,FUTSTK,MUTHOOTFIN,24-FEB-2026,3889.10
10-FEB-2026,FUTSTK,MUTHOOTFIN,26-FEB-2026,3891.45
10-FEB-2026,FUTSTK,MUTHOOTFIN,25-MAR-2026,3907.35
10-FEB-2026,FUTSTK,MUTHOOTFIN,30-MAR-2026,3913.20
10-FEB-2026,FUTSTK,MUTHOOTFIN,28-APR-2026,3906.80
10-FEB-2026,FUTSTK,MUTHOOTFIN,30-APR-2026,3928.60
10-FEB-2026,FUTSTK,NATIONALUM,24-FEB-2026,369.55
10-FEB-2026,FUTSTK,NATIONALUM,26-FEB-2026,369.55
10-FEB-2026,FUTSTK,NATIONALUM,25-MAR-2026,371.05
10-FEB-2026,FUTSTK,NATIONALUM,30-MAR-2026,371.15
10-FEB-2026,FUTSTK,NATIONALUM,28-APR-2026,372.90
10-FEB-2026,FUTSTK,NATIONALUM,30-APR-2026,373.05
10-FEB-2026,FUTSTK,NAUKRI,24-FEB-2026,1194.30
10-FEB-2026,FUTSTK,NAUKRI,26-FEB-2026,1197.20
10-FEB-2026,FUTSTK,NAUKRI,25-MAR-2026,1202.05
10-FEB-2026,FUTSTK,NAUKRI,30-MAR-2026,1194.10
10-FEB-2026,FUTSTK,NAUKRI,28-APR-2026,1195.00
10-FEB-2026,FUTSTK,NAUKRI,30-APR-2026,1208.60
10-FEB-2026,FUTSTK,NBCC,24-FEB-2026,101.35
10-FEB-2026,FUTSTK,NBCC,26-FEB-2026,101.70
10-FEB-2026,FUTSTK,NBCC,25-MAR-2026,102.10
10-FEB-2026,FUTSTK,NBCC,30-MAR-2026,101.93
10-FEB-2026,FUTSTK,NBCC,28-APR-2026,102.62
10-FEB-2026,FUTSTK,NBCC,30-APR-2026,102.65
10-FEB-2026,FUTSTK,NESTLEIND,24-FEB-2026,1309.40
10-FEB-2026,FUTSTK,NESTLEIND,26-FEB-2026,1311.75
10-FEB-2026,FUTSTK,NESTLEIND,25-MAR-2026,1317.10
10-FEB-2026,FUTSTK,NESTLEIND,30-MAR-2026,1317.40
10-FEB-2026,FUTSTK,NESTLEIND,28-APR-2026,1325.30
10-FEB-2026,FUTSTK,NESTLEIND,30-APR-2026,1324.25
10-FEB-2026,FUTSTK,NHPC,24-FEB-2026,77.20
10-FEB-2026,FUTSTK,NHPC,26-FEB-2026,77.15
10-FEB-2026,FUTSTK,NHPC,25-MAR-2026,77.45
10-FEB-2026,FUTSTK,NHPC,30-MAR-2026,77.68
10-FEB-2026,FUTSTK,NHPC,28-APR-2026,78.18
10-FEB-2026,FUTSTK,NHPC,30-APR-2026,77.85
10-FEB-2026,FUTSTK,NMDC,24-FEB-2026,85.35
10-FEB-2026,FUTSTK,NMDC,26-FEB-2026,85.30
10-FEB-2026,FUTSTK,NMDC,25-MAR-2026,85.60
10-FEB-2026,FUTSTK,NMDC,30-MAR-2026,85.92
10-FEB-2026,FUTSTK,NMDC,28-APR-2026,86.30
10-FEB-2026,FUTSTK,NMDC,30-APR-2026,86.10
10-FEB-2026,FUTSTK,NTPC,24-FEB-2026,367.15
10-FEB-2026,FUTSTK,NTPC,26-FEB-2026,367.80
10-FEB-2026,FUTSTK,NTPC,25-MAR-2026,369.30
10-FEB-2026,FUTSTK,NTPC,30-MAR-2026,369.50
10-FEB-2026,FUTSTK,NTPC,28-APR-2026,371.50
10-FEB-2026,FUTSTK,NTPC,30-APR-2026,371.30
10-FEB-2026,FUTSTK,NUVAMA,24-FEB-2026,1387.30
10-FEB-2026,FUTSTK,NUVAMA,26-FEB-2026,1389.60
10-FEB-2026,FUTSTK,NUVAMA,25-MAR-2026,1395.25
10-FEB-2026,FUTSTK,NUVAMA,30-MAR-2026,1386.60
10-FEB-2026,FUTSTK,NUVAMA,28-APR-2026,1406.90
10-FEB-2026,FUTSTK,NUVAMA,30-APR-2026,1402.85
10-FEB-2026,FUTSTK,NYKAA,24-FEB-2026,281.73
10-FEB-2026,FUTSTK,NYKAA,26-FEB-2026,281.40
10-FEB-2026,FUTSTK,NYKAA,25-MAR-2026,282.50
10-FEB-2026,FUTSTK,NYKAA,30-MAR-2026,282.17
10-FEB-2026,FUTSTK,NYKAA,28-APR-2026,280.90
10-FEB-2026,FUTSTK,NYKAA,30-APR-2026,284.05
10-FEB-2026,FUTSTK,OBEROIRLTY,24-FEB-2026,1571.50
10-FEB-2026,FUTSTK,OBEROIRLTY,26-FEB-2026,1572.70
10-FEB-2026,FUTSTK,OBEROIRLTY,25-MAR-2026,1579.10
10-FEB-2026,FUTSTK,OBEROIRLTY,30-MAR-2026,1566.80
10-FEB-2026,FUTSTK,OBEROIRLTY,28-APR-2026,1565.40
10-FEB-2026,FUTSTK,OBEROIRLTY,30-APR-2026,1587.70
10-FEB-2026,FUTSTK,OFSS,24-FEB-2026,7366.00
10-FEB-2026,FUTSTK,OFSS,26-FEB-2026,7359.50
10-FEB-2026,FUTSTK,OFSS,25-MAR-2026,7389.50
10-FEB-2026,FUTSTK,OFSS,30-MAR-2026,7388.00
10-FEB-2026,FUTSTK,OFSS,28-APR-2026,7425.50
10-FEB-2026,FUTSTK,OFSS,30-APR-2026,7429.70
10-FEB-2026,FUTSTK,OIL,24-FEB-2026,483.80
10-FEB-2026,FUTSTK,OIL,26-FEB-2026,490.00
10-FEB-2026,FUTSTK,OIL,25-MAR-2026,492.00
10-FEB-2026,FUTSTK,OIL,30-MAR-2026,484.95
10-FEB-2026,FUTSTK,OIL,28-APR-2026,486.10
10-FEB-2026,FUTSTK,OIL,30-APR-2026,494.65
10-FEB-2026,FUTSTK,ONGC,24-FEB-2026,269.85
10-FEB-2026,FUTSTK,ONGC,26-FEB-2026,272.80
10-FEB-2026,FUTSTK,ONGC,25-MAR-2026,273.90
10-FEB-2026,FUTSTK,ONGC,30-MAR-2026,271.45
10-FEB-2026,FUTSTK,ONGC,28-APR-2026,273.00
10-FEB-2026,FUTSTK,ONGC,30-APR-2026,275.40
10-FEB-2026,FUTSTK,PAGEIND,24-FEB-2026,34595.00
10-FEB-2026,FUTSTK,PAGEIND,26-FEB-2026,34683.30
10-FEB-2026,FUTSTK,PAGEIND,25-MAR-2026,34824.70
10-FEB-2026,FUTSTK,PAGEIND,30-MAR-2026,34105.00
10-FEB-2026,FUTSTK,PAGEIND,28-APR-2026,33980.00
10-FEB-2026,FUTSTK,PAGEIND,30-APR-2026,35014.15
10-FEB-2026,FUTSTK,PATANJALI,24-FEB-2026,521.45
10-FEB-2026,FUTSTK,PATANJALI,26-FEB-2026,522.85
10-FEB-2026,FUTSTK,PATANJALI,25-MAR-2026,525.00
10-FEB-2026,FUTSTK,PATANJALI,30-MAR-2026,523.35
10-FEB-2026,FUTSTK,PATANJALI,28-APR-2026,526.95
10-FEB-2026,FUTSTK,PATANJALI,30-APR-2026,527.85
10-FEB-2026,FUTSTK,PAYTM,24-FEB-2026,1164.30
10-FEB-2026,FUTSTK,PAYTM,26-FEB-2026,1164.10
10-FEB-2026,FUTSTK,PAYTM,25-MAR-2026,1168.85
10-FEB-2026,FUTSTK,PAYTM,30-MAR-2026,1173.10
10-FEB-2026,FUTSTK,PAYTM,28-APR-2026,1181.20
10-FEB-2026,FUTSTK,PAYTM,30-APR-2026,1175.20
10-FEB-2026,FUTSTK,PERSISTENT,24-FEB-2026,5870.00
10-FEB-2026,FUTSTK,PERSISTENT,26-FEB-2026,5886.75
10-FEB-2026,FUTSTK,PERSISTENT,25-MAR-2026,5910.70
10-FEB-2026,FUTSTK,PERSISTENT,30-MAR-2026,5898.00
10-FEB-2026,FUTSTK,PERSISTENT,28-APR-2026,5936.00
10-FEB-2026,FUTSTK,PERSISTENT,30-APR-2026,5942.85
10-FEB-2026,FUTSTK,PETRONET,24-FEB-2026,304.50
10-FEB-2026,FUTSTK,PETRONET,26-FEB-2026,304.45
10-FEB-2026,FUTSTK,PETRONET,25-MAR-2026,305.65
10-FEB-2026,FUTSTK,PETRONET,30-MAR-2026,306.10
10-FEB-2026,FUTSTK,PETRONET,28-APR-2026,307.25
10-FEB-2026,FUTSTK,PETRONET,30-APR-2026,307.35
10-FEB-2026,FUTSTK,PFC,24-FEB-2026,410.65
10-FEB-2026,FUTSTK,PFC,26-FEB-2026,414.25
10-FEB-2026,FUTSTK,PFC,25-MAR-2026,415.95
10-FEB-2026,FUTSTK,PFC,30-MAR-2026,410.25
10-FEB-2026,FUTSTK,PFC,28-APR-2026,413.60
10-FEB-2026,FUTSTK,PFC,30-APR-2026,418.20
10-FEB-2026,FUTSTK,PGEL,24-FEB-2026,604.25
10-FEB-2026,FUTSTK,PGEL,26-FEB-2026,603.25
10-FEB-2026,FUTSTK,PGEL,25-MAR-2026,605.70
10-FEB-2026,FUTSTK,PGEL,30-MAR-2026,605.55
10-FEB-2026,FUTSTK,PGEL,28-APR-2026,608.80
10-FEB-2026,FUTSTK,PGEL,30-APR-2026,609.00
10-FEB-2026,FUTSTK,PHOENIXLTD,24-FEB-2026,1764.60
10-FEB-2026,FUTSTK,PHOENIXLTD,26-FEB-2026,1762.95
10-FEB-2026,FUTSTK,PHOENIXLTD,25-MAR-2026,1770.15
10-FEB-2026,FUTSTK,PHOENIXLTD,30-MAR-2026,1772.20
10-FEB-2026,FUTSTK,PHOENIXLTD,28-APR-2026,1779.20
10-FEB-2026,FUTSTK,PHOENIXLTD,30-APR-2026,1779.75
10-FEB-2026,FUTSTK,PIDILITIND,24-FEB-2026,1479.80
10-FEB-2026,FUTSTK,PIDILITIND,26-FEB-2026,1482.45
10-FEB-2026,FUTSTK,PIDILITIND,25-MAR-2026,1488.50
10-FEB-2026,FUTSTK,PIDILITIND,30-MAR-2026,1488.50
10-FEB-2026,FUTSTK,PIDILITIND,28-APR-2026,1497.50
10-FEB-2026,FUTSTK,PIDILITIND,30-APR-2026,1496.60
10-FEB-2026,FUTSTK,PIIND,24-FEB-2026,3158.90
10-FEB-2026,FUTSTK,PIIND,26-FEB-2026,3198.35
10-FEB-2026,FUTSTK,PIIND,25-MAR-2026,3211.40
10-FEB-2026,FUTSTK,PIIND,30-MAR-2026,3117.10
10-FEB-2026,FUTSTK,PIIND,28-APR-2026,3098.80
10-FEB-2026,FUTSTK,PIIND,30-APR-2026,3228.85
10-FEB-2026,FUTSTK,PNB,24-FEB-2026,123.37
10-FEB-2026,FUTSTK,PNB,26-FEB-2026,123.25
10-FEB-2026,FUTSTK,PNB,25-MAR-2026,123.75
10-FEB-2026,FUTSTK,PNB,30-MAR-2026,124.11
10-FEB-2026,FUTSTK,PNB,28-APR-2026,124.98
10-FEB-2026,FUTSTK,PNB,30-APR-2026,124.40
10-FEB-2026,FUTSTK,PNBHOUSING,24-FEB-2026,855.50
10-FEB-2026,FUTSTK,PNBHOUSING,26-FEB-2026,856.80
10-FEB-2026,FUTSTK,PNBHOUSING,25-MAR-2026,860.30
10-FEB-2026,FUTSTK,PNBHOUSING,30-MAR-2026,861.05
10-FEB-2026,FUTSTK,PNBHOUSING,28-APR-2026,866.00
10-FEB-2026,FUTSTK,PNBHOUSING,30-APR-2026,865.00
10-FEB-2026,FUTSTK,POLICYBZR,24-FEB-2026,1513.20
10-FEB-2026,FUTSTK,POLICYBZR,26-FEB-2026,1508.30
10-FEB-2026,FUTSTK,POLICYBZR,25-MAR-2026,1514.45
10-FEB-2026,FUTSTK,POLICYBZR,30-MAR-2026,1519.60
10-FEB-2026,FUTSTK,POLICYBZR,28-APR-2026,1528.00
10-FEB-2026,FUTSTK,POLICYBZR,30-APR-2026,1522.65
10-FEB-2026,FUTSTK,POLYCAB,24-FEB-2026,7769.50
10-FEB-2026,FUTSTK,POLYCAB,26-FEB-2026,7761.10
10-FEB-2026,FUTSTK,POLYCAB,25-MAR-2026,7792.75
10-FEB-2026,FUTSTK,POLYCAB,30-MAR-2026,7809.00
10-FEB-2026,FUTSTK,POLYCAB,28-APR-2026,7840.00
10-FEB-2026,FUTSTK,POLYCAB,30-APR-2026,7835.10
10-FEB-2026,FUTSTK,POWERGRID,24-FEB-2026,294.40
10-FEB-2026,FUTSTK,POWERGRID,26-FEB-2026,295.05
10-FEB-2026,FUTSTK,POWERGRID,25-MAR-2026,296.25
10-FEB-2026,FUTSTK,POWERGRID,30-MAR-2026,296.00
10-FEB-2026,FUTSTK,POWERGRID,28-APR-2026,298.40
10-FEB-2026,FUTSTK,POWERGRID,30-APR-2026,297.85
10-FEB-2026,FUTSTK,POWERINDIA,24-FEB-2026,22539.00
10-FEB-2026,FUTSTK,POWERINDIA,26-FEB-2026,22511.10
10-FEB-2026,FUTSTK,POWERINDIA,25-MAR-2026,22602.85
10-FEB-2026,FUTSTK,POWERINDIA,30-MAR-2026,22618.00
10-FEB-2026,FUTSTK,POWERINDIA,28-APR-2026,22719.00
10-FEB-2026,FUTSTK,POWERINDIA,30-APR-2026,22725.80
10-FEB-2026,FUTSTK,PPLPHARMA,24-FEB-2026,163.21
10-FEB-2026,FUTSTK,PPLPHARMA,26-FEB-2026,163.80
10-FEB-2026,FUTSTK,PPLPHARMA,25-MAR-2026,164.45
10-FEB-2026,FUTSTK,PPLPHARMA,30-MAR-2026,162.06
10-FEB-2026,FUTSTK,PPLPHARMA,28-APR-2026,161.27
10-FEB-2026,FUTSTK,PPLPHARMA,30-APR-2026,165.35
10-FEB-2026,FUTSTK,PREMIERENE,24-FEB-2026,825.40
10-FEB-2026,FUTSTK,PREMIERENE,26-FEB-2026,825.85
10-FEB-2026,FUTSTK,PREMIERENE,25-MAR-2026,829.20
10-FEB-2026,FUTSTK,PREMIERENE,30-MAR-2026,824.75
10-FEB-2026,FUTSTK,PREMIERENE,28-APR-2026,829.65
10-FEB-2026,FUTSTK,PREMIERENE,30-APR-2026,833.70
10-FEB-2026,FUTSTK,PRESTIGE,24-FEB-2026,1591.90
10-FEB-2026,FUTSTK,PRESTIGE,26-FEB-2026,1595.50
10-FEB-2026,FUTSTK,PRESTIGE,25-MAR-2026,1602.00
10-FEB-2026,FUTSTK,PRESTIGE,30-MAR-2026,1599.30
10-FEB-2026,FUTSTK,PRESTIGE,28-APR-2026,1599.00
10-FEB-2026,FUTSTK,PRESTIGE,30-APR-2026,1610.70
10-FEB-2026,FUTSTK,RBLBANK,24-FEB-2026,306.80
10-FEB-2026,FUTSTK,RBLBANK,26-FEB-2026,307.45
10-FEB-2026,FUTSTK,RBLBANK,25-MAR-2026,308.70
10-FEB-2026,FUTSTK,RBLBANK,30-MAR-2026,309.15
10-FEB-2026,FUTSTK,RBLBANK,28-APR-2026,310.30
10-FEB-2026,FUTSTK,RBLBANK,30-APR-2026,310.35
10-FEB-2026,FUTSTK,RECLTD,24-FEB-2026,356.30
10-FEB-2026,FUTSTK,RECLTD,26-FEB-2026,356.65
10-FEB-2026,FUTSTK,RECLTD,25-MAR-2026,358.10
10-FEB-2026,FUTSTK,RECLTD,30-MAR-2026,357.40
10-FEB-2026,FUTSTK,RECLTD,28-APR-2026,360.05
10-FEB-2026,FUTSTK,RECLTD,30-APR-2026,360.05
10-FEB-2026,FUTSTK,RELIANCE,24-FEB-2026,1460.70
10-FEB-2026,FUTSTK,RELIANCE,26-FEB-2026,1462.00
10-FEB-2026,FUTSTK,RELIANCE,25-MAR-2026,1468.00
10-FEB-2026,FUTSTK,RELIANCE,30-MAR-2026,1469.50
10-FEB-2026,FUTSTK,RELIANCE,28-APR-2026,1478.10
10-FEB-2026,FUTSTK,RELIANCE,30-APR-2026,1475.95
10-FEB-2026,FUTSTK,RVNL,24-FEB-2026,298.00
10-FEB-2026,FUTSTK,RVNL,26-FEB-2026,320.20
10-FEB-2026,FUTSTK,RVNL,25-MAR-2026,321.55
10-FEB-2026,FUTSTK,RVNL,30-MAR-2026,283.55
10-FEB-2026,FUTSTK,RVNL,28-APR-2026,275.05
10-FEB-2026,FUTSTK,RVNL,30-APR-2026,323.30
10-FEB-2026,FUTSTK,SAIL,24-FEB-2026,161.25
10-FEB-2026,FUTSTK,SAIL,26-FEB-2026,161.40
10-FEB-2026,FUTSTK,SAIL,25-MAR-2026,162.05
10-FEB-2026,FUTSTK,SAIL,30-MAR-2026,161.90
10-FEB-2026,FUTSTK,SAIL,28-APR-2026,162.88
10-FEB-2026,FUTSTK,SAIL,30-APR-2026,162.95
10-FEB-2026,FUTSTK,SAMMAANCAP,24-FEB-2026,147.38
10-FEB-2026,FUTSTK,SAMMAANCAP,26-FEB-2026,147.60
10-FEB-2026,FUTSTK,SAMMAANCAP,25-MAR-2026,148.20
10-FEB-2026,FUTSTK,SAMMAANCAP,30-MAR-2026,148.32
10-FEB-2026,FUTSTK,SAMMAANCAP,28-APR-2026,148.97
10-FEB-2026,FUTSTK,SAMMAANCAP,30-APR-2026,149.00
10-FEB-2026,FUTSTK,SBICARD,24-FEB-2026,760.75
10-FEB-2026,FUTSTK,SBICARD,26-FEB-2026,767.75
10-FEB-2026,FUTSTK,SBICARD,25-MAR-2026,770.90
10-FEB-2026,FUTSTK,SBICARD,30-MAR-2026,749.00
10-FEB-2026,FUTSTK,SBICARD,28-APR-2026,743.15
10-FEB-2026,FUTSTK,SBICARD,30-APR-2026,775.05
10-FEB-2026,FUTSTK,SBILIFE,24-FEB-2026,2023.40
10-FEB-2026,FUTSTK,SBILIFE,26-FEB-2026,2023.15
10-FEB-2026,FUTSTK,SBILIFE,25-MAR-2026,2031.40
10-FEB-2026,FUTSTK,SBILIFE,30-MAR-2026,2033.60
10-FEB-2026,FUTSTK,SBILIFE,28-APR-2026,2041.90
10-FEB-2026,FUTSTK,SBILIFE,30-APR-2026,2042.45
10-FEB-2026,FUTSTK,SBIN,24-FEB-2026,1142.40
10-FEB-2026,FUTSTK,SBIN,26-FEB-2026,1146.85
10-FEB-2026,FUTSTK,SBIN,25-MAR-2026,1151.55
10-FEB-2026,FUTSTK,SBIN,30-MAR-2026,1149.60
10-FEB-2026,FUTSTK,SBIN,28-APR-2026,1156.00
10-FEB-2026,FUTSTK,SBIN,30-APR-2026,1157.80
10-FEB-2026,FUTSTK,SHREECEM,24-FEB-2026,26535.00
10-FEB-2026,FUTSTK,SHREECEM,26-FEB-2026,26588.60
10-FEB-2026,FUTSTK,SHREECEM,25-MAR-2026,26696.95
10-FEB-2026,FUTSTK,SHREECEM,30-MAR-2026,26480.00
10-FEB-2026,FUTSTK,SHREECEM,28-APR-2026,26835.00
10-FEB-2026,FUTSTK,SHREECEM,30-APR-2026,26842.20
10-FEB-2026,FUTSTK,SHRIRAMFIN,24-FEB-2026,1048.90
10-FEB-2026,FUTSTK,SHRIRAMFIN,26-FEB-2026,1051.15
10-FEB-2026,FUTSTK,SHRIRAMFIN,25-MAR-2026,1055.40
10-FEB-2026,FUTSTK,SHRIRAMFIN,30-MAR-2026,1055.50
10-FEB-2026,FUTSTK,SHRIRAMFIN,28-APR-2026,1062.00
10-FEB-2026,FUTSTK,SHRIRAMFIN,30-APR-2026,1061.15
10-FEB-2026,FUTSTK,SIEMENS,24-FEB-2026,3117.40
10-FEB-2026,FUTSTK,SIEMENS,26-FEB-2026,3118.95
10-FEB-2026,FUTSTK,SIEMENS,25-MAR-2026,3131.65
10-FEB-2026,FUTSTK,SIEMENS,30-MAR-2026,3129.20
10-FEB-2026,FUTSTK,SIEMENS,28-APR-2026,3147.80
10-FEB-2026,FUTSTK,SIEMENS,30-APR-2026,3148.70
10-FEB-2026,FUTSTK,SOLARINDS,24-FEB-2026,13448.00
10-FEB-2026,FUTSTK,SOLARINDS,26-FEB-2026,13455.40
10-FEB-2026,FUTSTK,SOLARINDS,25-MAR-2026,13510.25
10-FEB-2026,FUTSTK,SOLARINDS,30-MAR-2026,13529.00
10-FEB-2026,FUTSTK,SOLARINDS,28-APR-2026,13610.00
10-FEB-2026,FUTSTK,SOLARINDS,30-APR-2026,13583.75
10-FEB-2026,FUTSTK,SONACOMS,24-FEB-2026,532.05
10-FEB-2026,FUTSTK,SONACOMS,26-FEB-2026,532.35
10-FEB-2026,FUTSTK,SONACOMS,25-MAR-2026,534.50
10-FEB-2026,FUTSTK,SONACOMS,30-MAR-2026,534.80
10-FEB-2026,FUTSTK,SONACOMS,28-APR-2026,536.85
10-FEB-2026,FUTSTK,SONACOMS,30-APR-2026,537.40
10-FEB-2026,FUTSTK,SRF,24-FEB-2026,2965.90
10-FEB-2026,FUTSTK,SRF,26-FEB-2026,2969.05
10-FEB-2026,FUTSTK,SRF,25-MAR-2026,2981.15
10-FEB-2026,FUTSTK,SRF,30-MAR-2026,2979.60
10-FEB-2026,FUTSTK,SRF,28-APR-2026,2996.50
10-FEB-2026,FUTSTK,SRF,30-APR-2026,2997.35
10-FEB-2026,FUTSTK,SUNPHARMA,24-FEB-2026,1708.90
10-FEB-2026,FUTSTK,SUNPHARMA,26-FEB-2026,1711.90
10-FEB-2026,FUTSTK,SUNPHARMA,25-MAR-2026,1718.90
10-FEB-2026,FUTSTK,SUNPHARMA,30-MAR-2026,1719.30
10-FEB-2026,FUTSTK,SUNPHARMA,28-APR-2026,1729.60
10-FEB-2026,FUTSTK,SUNPHARMA,30-APR-2026,1728.25
10-FEB-2026,FUTSTK,SUPREMEIND,24-FEB-2026,3698.30
10-FEB-2026,FUTSTK,SUPREMEIND,26-FEB-2026,3699.55
10-FEB-2026,FUTSTK,SUPREMEIND,25-MAR-2026,3714.65
10-FEB-2026,FUTSTK,SUPREMEIND,30-MAR-2026,3705.40
10-FEB-2026,FUTSTK,SUPREMEIND,28-APR-2026,3733.70
10-FEB-2026,FUTSTK,SUPREMEIND,30-APR-2026,3734.85
10-FEB-2026,FUTSTK,SUZLON,24-FEB-2026,47.81
10-FEB-2026,FUTSTK,SUZLON,26-FEB-2026,47.80
10-FEB-2026,FUTSTK,SUZLON,25-MAR-2026,48.00
10-FEB-2026,FUTSTK,SUZLON,30-MAR-2026,48.09
10-FEB-2026,FUTSTK,SUZLON,28-APR-2026,48.41
10-FEB-2026,FUTSTK,SUZLON,30-APR-2026,48.25
10-FEB-2026,FUTSTK,SWIGGY,24-FEB-2026,354.00
10-FEB-2026,FUTSTK,SWIGGY,26-FEB-2026,356.60
10-FEB-2026,FUTSTK,SWIGGY,25-MAR-2026,358.05
10-FEB-2026,FUTSTK,SWIGGY,30-MAR-2026,351.95
10-FEB-2026,FUTSTK,SWIGGY,28-APR-2026,350.55
10-FEB-2026,FUTSTK,SWIGGY,30-APR-2026,360.00
10-FEB-2026,FUTSTK,SYNGENE,24-FEB-2026,454.65
10-FEB-2026,FUTSTK,SYNGENE,26-FEB-2026,453.90
10-FEB-2026,FUTSTK,SYNGENE,25-MAR-2026,455.75
10-FEB-2026,FUTSTK,SYNGENE,30-MAR-2026,457.05
10-FEB-2026,FUTSTK,TATACONSUM,24-FEB-2026,1156.20
10-FEB-2026,FUTSTK,TATACONSUM,26-FEB-2026,1154.95
10-FEB-2026,FUTSTK,TATACONSUM,25-MAR-2026,1159.65
10-FEB-2026,FUTSTK,TATACONSUM,30-MAR-2026,1162.80
10-FEB-2026,FUTSTK,TATACONSUM,28-APR-2026,1169.00
10-FEB-2026,FUTSTK,TATACONSUM,30-APR-2026,1165.95
10-FEB-2026,FUTSTK,TATAELXSI,24-FEB-2026,5385.50
10-FEB-2026,FUTSTK,TATAELXSI,26-FEB-2026,5394.55
10-FEB-2026,FUTSTK,TATAELXSI,25-MAR-2026,5416.55
10-FEB-2026,FUTSTK,TATAELXSI,30-MAR-2026,5375.50
10-FEB-2026,FUTSTK,TATAELXSI,28-APR-2026,5389.00
10-FEB-2026,FUTSTK,TATAELXSI,30-APR-2026,5446.00
10-FEB-2026,FUTSTK,TATAPOWER,24-FEB-2026,370.80
10-FEB-2026,FUTSTK,TATAPOWER,26-FEB-2026,370.85
10-FEB-2026,FUTSTK,TATAPOWER,25-MAR-2026,372.35
10-FEB-2026,FUTSTK,TATAPOWER,30-MAR-2026,373.10
10-FEB-2026,FUTSTK,TATAPOWER,28-APR-2026,375.65
10-FEB-2026,FUTSTK,TATAPOWER,30-APR-2026,374.40
10-FEB-2026,FUTSTK,TATASTEEL,24-FEB-2026,208.09
10-FEB-2026,FUTSTK,TATASTEEL,26-FEB-2026,208.50
10-FEB-2026,FUTSTK,TATASTEEL,25-MAR-2026,209.35
10-FEB-2026,FUTSTK,TATASTEEL,30-MAR-2026,209.37
10-FEB-2026,FUTSTK,TATASTEEL,28-APR-2026,210.62
10-FEB-2026,FUTSTK,TATASTEEL,30-APR-2026,210.50
10-FEB-2026,FUTSTK,TATATECH,24-FEB-2026,632.80
10-FEB-2026,FUTSTK,TATATECH,26-FEB-2026,632.20
10-FEB-2026,FUTSTK,TATATECH,25-MAR-2026,634.80
10-FEB-2026,FUTSTK,TATATECH,30-MAR-2026,635.15
10-FEB-2026,FUTSTK,TATATECH,28-APR-2026,637.50
10-FEB-2026,FUTSTK,TATATECH,30-APR-2026,638.25
10-FEB-2026,FUTSTK,TCS,24-FEB-2026,2991.70
10-FEB-2026,FUTSTK,TCS,26-FEB-2026,2991.80
10-FEB-2026,FUTSTK,TCS,25-MAR-2026,3004.00
10-FEB-2026,FUTSTK,TCS,30-MAR-2026,3010.40
10-FEB-2026,FUTSTK,TCS,28-APR-2026,3027.20
10-FEB-2026,FUTSTK,TCS,30-APR-2026,3020.35
10-FEB-2026,FUTSTK,TECHM,24-FEB-2026,1645.40
10-FEB-2026,FUTSTK,TECHM,26-FEB-2026,1648.55
10-FEB-2026,FUTSTK,TECHM,25-MAR-2026,1655.30
10-FEB-2026,FUTSTK,TECHM,30-MAR-2026,1655.30
10-FEB-2026,FUTSTK,TECHM,28-APR-2026,1665.70
10-FEB-2026,FUTSTK,TECHM,30-APR-2026,1664.30
10-FEB-2026,FUTSTK,TIINDIA,24-FEB-2026,2448.80
10-FEB-2026,FUTSTK,TIINDIA,26-FEB-2026,2444.50
10-FEB-2026,FUTSTK,TIINDIA,25-MAR-2026,2454.45
10-FEB-2026,FUTSTK,TIINDIA,30-MAR-2026,2463.30
10-FEB-2026,FUTSTK,TIINDIA,28-APR-2026,2478.30
10-FEB-2026,FUTSTK,TIINDIA,30-APR-2026,2467.80
10-FEB-2026,FUTSTK,TITAN,24-FEB-2026,4283.10
10-FEB-2026,FUTSTK,TITAN,26-FEB-2026,4279.30
10-FEB-2026,FUTSTK,TITAN,25-MAR-2026,4296.75
10-FEB-2026,FUTSTK,TITAN,30-MAR-2026,4309.10
10-FEB-2026,FUTSTK,TITAN,28-APR-2026,4337.40
10-FEB-2026,FUTSTK,TITAN,30-APR-2026,4320.10
10-FEB-2026,FUTSTK,TMPV,24-FEB-2026,380.55
10-FEB-2026,FUTSTK,TMPV,26-FEB-2026,380.25
10-FEB-2026,FUTSTK,TMPV,25-MAR-2026,381.80
10-FEB-2026,FUTSTK,TMPV,30-MAR-2026,382.00
10-FEB-2026,FUTSTK,TMPV,28-APR-2026,382.90
10-FEB-2026,FUTSTK,TMPV,30-APR-2026,383.90
10-FEB-2026,FUTSTK,TORNTPHARM,24-FEB-2026,4049.00
10-FEB-2026,FUTSTK,TORNTPHARM,26-FEB-2026,4089.45
10-FEB-2026,FUTSTK,TORNTPHARM,25-MAR-2026,4106.10
10-FEB-2026,FUTSTK,TORNTPHARM,30-MAR-2026,4061.20
10-FEB-2026,FUTSTK,TORNTPHARM,28-APR-2026,4078.90
10-FEB-2026,FUTSTK,TORNTPHARM,30-APR-2026,4128.45
10-FEB-2026,FUTSTK,TORNTPOWER,24-FEB-2026,1475.20
10-FEB-2026,FUTSTK,TORNTPOWER,26-FEB-2026,1486.60
10-FEB-2026,FUTSTK,TORNTPOWER,25-MAR-2026,1492.65
10-FEB-2026,FUTSTK,TORNTPOWER,30-MAR-2026,1479.30
10-FEB-2026,FUTSTK,TORNTPOWER,28-APR-2026,1500.30
10-FEB-2026,FUTSTK,TORNTPOWER,30-APR-2026,1500.75
10-FEB-2026,FUTSTK,TRENT,24-FEB-2026,4186.30
10-FEB-2026,FUTSTK,TRENT,26-FEB-2026,4194.50
10-FEB-2026,FUTSTK,TRENT,25-MAR-2026,4211.60
10-FEB-2026,FUTSTK,TRENT,30-MAR-2026,4206.20
10-FEB-2026,FUTSTK,TRENT,28-APR-2026,4234.20
10-FEB-2026,FUTSTK,TRENT,30-APR-2026,4234.50
10-FEB-2026,FUTSTK,TVSMOTOR,24-FEB-2026,3775.20
10-FEB-2026,FUTSTK,TVSMOTOR,26-FEB-2026,3771.50
10-FEB-2026,FUTSTK,TVSMOTOR,25-MAR-2026,3786.85
10-FEB-2026,FUTSTK,TVSMOTOR,30-MAR-2026,3788.10
10-FEB-2026,FUTSTK,TVSMOTOR,28-APR-2026,3806.30
10-FEB-2026,FUTSTK,TVSMOTOR,30-APR-2026,3807.45
10-FEB-2026,FUTSTK,ULTRACEMCO,24-FEB-2026,13029.00
10-FEB-2026,FUTSTK,ULTRACEMCO,26-FEB-2026,13054.35
10-FEB-2026,FUTSTK,ULTRACEMCO,25-MAR-2026,13107.55
10-FEB-2026,FUTSTK,ULTRACEMCO,30-MAR-2026,13110.00
10-FEB-2026,FUTSTK,ULTRACEMCO,28-APR-2026,13175.00
10-FEB-2026,FUTSTK,ULTRACEMCO,30-APR-2026,13178.85
10-FEB-2026,FUTSTK,UNIONBANK,24-FEB-2026,179.41
10-FEB-2026,FUTSTK,UNIONBANK,26-FEB-2026,179.70
10-FEB-2026,FUTSTK,UNIONBANK,25-MAR-2026,180.40
10-FEB-2026,FUTSTK,UNIONBANK,30-MAR-2026,180.55
10-FEB-2026,FUTSTK,UNIONBANK,28-APR-2026,181.50
10-FEB-2026,FUTSTK,UNIONBANK,30-APR-2026,181.40
10-FEB-2026,FUTSTK,UNITDSPR,24-FEB-2026,1412.70
10-FEB-2026,FUTSTK,UNITDSPR,26-FEB-2026,1413.30
10-FEB-2026,FUTSTK,UNITDSPR,25-MAR-2026,1419.05
10-FEB-2026,FUTSTK,UNITDSPR,30-MAR-2026,1421.50
10-FEB-2026,FUTSTK,UNITDSPR,28-APR-2026,1428.60
10-FEB-2026,FUTSTK,UNITDSPR,30-APR-2026,1426.80
10-FEB-2026,FUTSTK,UNOMINDA,24-FEB-2026,1234.30
10-FEB-2026,FUTSTK,UNOMINDA,26-FEB-2026,1234.15
10-FEB-2026,FUTSTK,UNOMINDA,25-MAR-2026,1239.20
10-FEB-2026,FUTSTK,UNOMINDA,30-MAR-2026,1240.00
10-FEB-2026,FUTSTK,UNOMINDA,28-APR-2026,1244.00
10-FEB-2026,FUTSTK,UNOMINDA,30-APR-2026,1245.95
10-FEB-2026,FUTSTK,UPL,24-FEB-2026,747.90
10-FEB-2026,FUTSTK,UPL,26-FEB-2026,747.80
10-FEB-2026,FUTSTK,UPL,25-MAR-2026,750.85
10-FEB-2026,FUTSTK,UPL,30-MAR-2026,752.90
10-FEB-2026,FUTSTK,UPL,28-APR-2026,757.45
10-FEB-2026,FUTSTK,UPL,30-APR-2026,754.95
10-FEB-2026,FUTSTK,VBL,24-FEB-2026,456.80
10-FEB-2026,FUTSTK,VBL,26-FEB-2026,457.60
10-FEB-2026,FUTSTK,VBL,25-MAR-2026,459.45
10-FEB-2026,FUTSTK,VBL,30-MAR-2026,459.35
10-FEB-2026,FUTSTK,VBL,28-APR-2026,461.65
10-FEB-2026,FUTSTK,VBL,30-APR-2026,461.95
10-FEB-2026,FUTSTK,VEDL,24-FEB-2026,690.65
10-FEB-2026,FUTSTK,VEDL,26-FEB-2026,691.80
10-FEB-2026,FUTSTK,VEDL,25-MAR-2026,694.65
10-FEB-2026,FUTSTK,VEDL,30-MAR-2026,692.35
10-FEB-2026,FUTSTK,VEDL,28-APR-2026,693.85
10-FEB-2026,FUTSTK,VEDL,30-APR-2026,698.40
10-FEB-2026,FUTSTK,VOLTAS,24-FEB-2026,1480.40
10-FEB-2026,FUTSTK,VOLTAS,26-FEB-2026,1479.15
10-FEB-2026,FUTSTK,VOLTAS,25-MAR-2026,1485.20
10-FEB-2026,FUTSTK,VOLTAS,30-MAR-2026,1474.80
10-FEB-2026,FUTSTK,VOLTAS,28-APR-2026,1471.20
10-FEB-2026,FUTSTK,VOLTAS,30-APR-2026,1493.25
10-FEB-2026,FUTSTK,WAAREEENER,24-FEB-2026,3169.30
10-FEB-2026,FUTSTK,WAAREEENER,26-FEB-2026,3171.40
10-FEB-2026,FUTSTK,WAAREEENER,25-MAR-2026,3184.30
10-FEB-2026,FUTSTK,WAAREEENER,30-MAR-2026,3176.40
10-FEB-2026,FUTSTK,WAAREEENER,28-APR-2026,3189.70
10-FEB-2026,FUTSTK,WAAREEENER,30-APR-2026,3201.65
10-FEB-2026,FUTSTK,WIPRO,24-FEB-2026,231.50
10-FEB-2026,FUTSTK,WIPRO,26-FEB-2026,232.05
10-FEB-2026,FUTSTK,WIPRO,25-MAR-2026,233.00
10-FEB-2026,FUTSTK,WIPRO,30-MAR-2026,231.47
10-FEB-2026,FUTSTK,WIPRO,28-APR-2026,231.66
10-FEB-2026,FUTSTK,WIPRO,30-APR-2026,234.25
10-FEB-2026,FUTSTK,YESBANK,24-FEB-2026,21.42
10-FEB-2026,FUTSTK,YESBANK,26-FEB-2026,21.45
10-FEB-2026,FUTSTK,YESBANK,25-MAR-2026,21.55
10-FEB-2026,FUTSTK,YESBANK,30-MAR-2026,21.56
10-FEB-2026,FUTSTK,YESBANK,28-APR-2026,21.70
10-FEB-2026,FUTSTK,YESBANK,30-APR-2026,21.65
10-FEB-2026,FUTSTK,ZYDUSLIFE,24-FEB-2026,887.85
10-FEB-2026,FUTSTK,ZYDUSLIFE,26-FEB-2026,889.45
10-FEB-2026,FUTSTK,ZYDUSLIFE,25-MAR-2026,893.05
10-FEB-2026,FUTSTK,ZYDUSLIFE,30-MAR-2026,892.95
10-FEB-2026,FUTSTK,ZYDUSLIFE,28-APR-2026,898.30
10-FEB-2026,FUTSTK,ZYDUSLIFE,30-APR-2026,897.95
10-FEB-2026,OPTIDX,BANKEX,,67982.55
10-FEB-2026,OPTIDX,BANKNIFTY,,60626.40
10-FEB-2026,OPTIDX,FINNIFTY,,28186.25
10-FEB-2026,OPTIDX,MIDCPNIFTY,,13953.10
10-FEB-2026,OPTIDX,NIFTY,,25935.15
10-FEB-2026,OPTIDX,NIFTYNXT50,,69829.60
10-FEB-2026,OPTIDX,SENSEX,,84273.92
10-FEB-2026,OPTIDX,SENSEX50,,27087.09
10-FEB-2026,OPTIDX,SX40,,48587.96
10-FEB-2026,OPTSTK,360ONE,,1162.40
10-FEB-2026,OPTSTK,ABB,,5870.00
10-FEB-2026,OPTSTK,ABCAPITAL,,353.75
10-FEB-2026,OPTSTK,ADANIENSOL,,1016.70
10-FEB-2026,OPTSTK,ADANIENT,,2228.35
10-FEB-2026,OPTSTK,ADANIGREEN,,978.35
10-FEB-2026,OPTSTK,ADANIPORTS,,1554.70
10-FEB-2026,OPTSTK,ALKEM,,5811.50
10-FEB-2026,OPTSTK,AMBER,,7510.50
10-FEB-2026,OPTSTK,AMBUJACEM,,538.50
10-FEB-2026,OPTSTK,ANGELONE,,2783.00
10-FEB-2026,OPTSTK,APLAPOLLO,,2238.70
10-FEB-2026,OPTSTK,APOLLOHOSP,,7219.05
10-FEB-2026,OPTSTK,ASHOKLEY,,209.75
10-FEB-2026,OPTSTK,ASIANPAINT,,2393.60
10-FEB-2026,OPTSTK,ASTRAL,,1532.20
10-FEB-2026,OPTSTK,AUBANK,,1001.15
10-FEB-2026,OPTSTK,AUROPHARMA,,1124.05
10-FEB-2026,OPTSTK,AXISBANK,,1356.70
10-FEB-2026,OPTSTK,BAJAJ-AUTO,,9773.95
10-FEB-2026,OPTSTK,BAJAJFINSV,,2027.90
10-FEB-2026,OPTSTK,BAJAJHLDNG,,11080.85
10-FEB-2026,OPTSTK,BAJFINANCE,,965.60
10-FEB-2026,OPTSTK,BANDHANBNK,,166.70
10-FEB-2026,OPTSTK,BANKBARODA,,290.35
10-FEB-2026,OPTSTK,BANKINDIA,,167.50
10-FEB-2026,OPTSTK,BDL,,1300.00
10-FEB-2026,OPTSTK,BEL,,437.30
10-FEB-2026,OPTSTK,BHARATFORG,,1614.15
10-FEB-2026,OPTSTK,BHARTIARTL,,2011.30
10-FEB-2026,OPTSTK,BHEL,,276.10
10-FEB-2026,OPTSTK,BIOCON,,371.05
10-FEB-2026,OPTSTK,BLUESTARCO,,1948.35
10-FEB-2026,OPTSTK,BOSCHLTD,,35574.25
10-FEB-2026,OPTSTK,BPCL,,386.35
10-FEB-2026,OPTSTK,BRITANNIA,,5873.50
10-FEB-2026,OPTSTK,BSE,,3174.20
10-FEB-2026,OPTSTK,CAMS,,742.60
10-FEB-2026,OPTSTK,CANBK,,146.85
10-FEB-2026,OPTSTK,CDSL,,1400.90
10-FEB-2026,OPTSTK,CGPOWER,,681.55
10-FEB-2026,OPTSTK,CHOLAFIN,,1726.20
10-FEB-2026,OPTSTK,CIPLA,,1342.10
10-FEB-2026,OPTSTK,COALINDIA,,430.95
10-FEB-2026,OPTSTK,COFORGE,,1550.95
10-FEB-2026,OPTSTK,COLPAL,,2183.05
10-FEB-2026,OPTSTK,CONCOR,,513.60
10-FEB-2026,OPTSTK,CROMPTON,,261.65
10-FEB-2026,OPTSTK,CUMMINSIND,,4418.30
10-FEB-2026,OPTSTK,DABUR,,519.70
10-FEB-2026,OPTSTK,DALBHARAT,,2191.35
10-FEB-2026,OPTSTK,DELHIVERY,,435.95
10-FEB-2026,OPTSTK,DIVISLAB,,6175.45
10-FEB-2026,OPTSTK,DIXON,,11608.80
10-FEB-2026,OPTSTK,DLF,,671.80
10-FEB-2026,OPTSTK,DMART,,4002.20
10-FEB-2026,OPTSTK,DRREDDY,,1256.00
10-FEB-2026,OPTSTK,EICHERMOT,,7296.00
10-FEB-2026,OPTSTK,ETERNAL,,303.80
10-FEB-2026,OPTSTK,EXIDEIND,,338.80
10-FEB-2026,OPTSTK,FEDERALBNK,,282.25
10-FEB-2026,OPTSTK,FORTIS,,891.95
10-FEB-2026,OPTSTK,GAIL,,164.55
10-FEB-2026,OPTSTK,GLENMARK,,1957.95
10-FEB-2026,OPTSTK,GMRAIRPORT,,97.81
10-FEB-2026,OPTSTK,GODREJCP,,1206.60
10-FEB-2026,OPTSTK,GODREJPROP,,1820.75
10-FEB-2026,OPTSTK,GRASIM,,2953.90
10-FEB-2026,OPTSTK,HAL,,4168.35
10-FEB-2026,OPTSTK,HAVELLS,,1373.10
10-FEB-2026,OPTSTK,HCLTECH,,1573.10
10-FEB-2026,OPTSTK,HDFCAMC,,2816.80
10-FEB-2026,OPTSTK,HDFCBANK,,932.40
10-FEB-2026,OPTSTK,HDFCLIFE,,703.95
10-FEB-2026,OPTSTK,HEROMOTOCO,,5753.45
10-FEB-2026,OPTSTK,HINDALCO,,968.90
10-FEB-2026,OPTSTK,HINDPETRO,,461.25
10-FEB-2026,OPTSTK,HINDUNILVR,,2453.60
10-FEB-2026,OPTSTK,HINDZINC,,617.70
10-FEB-2026,OPTSTK,HUDCO,,193.90
10-FEB-2026,OPTSTK,ICICIBANK,,1406.50
10-FEB-2026,OPTSTK,ICICIGI,,1909.65
10-FEB-2026,OPTSTK,ICICIPRULI,,643.00
10-FEB-2026,OPTSTK,IDEA,,11.48
10-FEB-2026,OPTSTK,IDFCFIRSTB,,83.77
10-FEB-2026,OPTSTK,IEX,,126.15
10-FEB-2026,OPTSTK,INDHOTEL,,702.55
10-FEB-2026,OPTSTK,INDIANB,,906.05
10-FEB-2026,OPTSTK,INDIGO,,4960.40
10-FEB-2026,OPTSTK,INDUSINDBK,,927.60
10-FEB-2026,OPTSTK,INDUSTOWER,,459.15
10-FEB-2026,OPTSTK,INFY,,1497.80
10-FEB-2026,OPTSTK,INOXWIND,,111.20
10-FEB-2026,OPTSTK,IOC,,178.20
10-FEB-2026,OPTSTK,IRCTC,,636.20
10-FEB-2026,OPTSTK,IREDA,,129.30
10-FEB-2026,OPTSTK,IRFC,,115.45
10-FEB-2026,OPTSTK,ITC,,321.40
10-FEB-2026,OPTSTK,JINDALSTEL,,1191.40
10-FEB-2026,OPTSTK,JIOFIN,,270.20
10-FEB-2026,OPTSTK,JSWENERGY,,483.70
10-FEB-2026,OPTSTK,JSWSTEEL,,1244.10
10-FEB-2026,OPTSTK,JUBLFOOD,,554.40
10-FEB-2026,OPTSTK,KALYANKJIL,,433.90
10-FEB-2026,OPTSTK,KAYNES,,3957.55
10-FEB-2026,OPTSTK,KEI,,4590.55
10-FEB-2026,OPTSTK,KFINTECH,,1022.45
10-FEB-2026,OPTSTK,KOTAKBANK,,429.30
10-FEB-2026,OPTSTK,KPITTECH,,973.60
10-FEB-2026,OPTSTK,LAURUSLABS,,966.35
10-FEB-2026,OPTSTK,LICHSGFIN,,522.55
10-FEB-2026,OPTSTK,LICI,,891.70
10-FEB-2026,OPTSTK,LODHA,,1095.05
10-FEB-2026,OPTSTK,LT,,4169.00
10-FEB-2026,OPTSTK,LTF,,294.00
10-FEB-2026,OPTSTK,LTIM,,5662.00
10-FEB-2026,OPTSTK,LUPIN,,2204.10
10-FEB-2026,OPTSTK,M&M,,3675.80
10-FEB-2026,OPTSTK,MANAPPURAM,,308.95
10-FEB-2026,OPTSTK,MANKIND,,2073.05
10-FEB-2026,OPTSTK,MARICO,,764.85
10-FEB-2026,OPTSTK,MARUTI,,15146.10
10-FEB-2026,OPTSTK,MAXHEALTH,,1021.50
10-FEB-2026,OPTSTK,MAZDOCK,,2439.10
10-FEB-2026,OPTSTK,MCX,,2470.75
10-FEB-2026,OPTSTK,MFSL,,1747.20
10-FEB-2026,OPTSTK,MOTHERSON,,129.45
10-FEB-2026,OPTSTK,MPHASIS,,2614.15
10-FEB-2026,OPTSTK,MUTHOOTFIN,,3882.10
10-FEB-2026,OPTSTK,NATIONALUM,,368.65
10-FEB-2026,OPTSTK,NAUKRI,,1194.30
10-FEB-2026,OPTSTK,NBCC,,101.44
10-FEB-2026,OPTSTK,NESTLEIND,,1308.60
10-FEB-2026,OPTSTK,NHPC,,76.95
10-FEB-2026,OPTSTK,NMDC,,85.07
10-FEB-2026,OPTSTK,NTPC,,366.90
10-FEB-2026,OPTSTK,NUVAMA,,1386.25
10-FEB-2026,OPTSTK,NYKAA,,280.70
10-FEB-2026,OPTSTK,OBEROIRLTY,,1568.90
10-FEB-2026,OPTSTK,OFSS,,7341.80
10-FEB-2026,OPTSTK,OIL,,488.80
10-FEB-2026,OPTSTK,ONGC,,272.15
10-FEB-2026,OPTSTK,PAGEIND,,34599.80
10-FEB-2026,OPTSTK,PATANJALI,,521.60
10-FEB-2026,OPTSTK,PAYTM,,1161.30
10-FEB-2026,OPTSTK,PERSISTENT,,5872.55
10-FEB-2026,OPTSTK,PETRONET,,303.70
10-FEB-2026,OPTSTK,PFC,,413.25
10-FEB-2026,OPTSTK,PGEL,,601.80
10-FEB-2026,OPTSTK,PHOENIXLTD,,1758.70
10-FEB-2026,OPTSTK,PIDILITIND,,1478.90
10-FEB-2026,OPTSTK,PIIND,,3190.65
10-FEB-2026,OPTSTK,PNB,,122.95
10-FEB-2026,OPTSTK,PNBHOUSING,,854.75
10-FEB-2026,OPTSTK,POLICYBZR,,1504.65
10-FEB-2026,OPTSTK,POLYCAB,,7742.40
10-FEB-2026,OPTSTK,POWERGRID,,294.35
10-FEB-2026,OPTSTK,POWERINDIA,,22456.90
10-FEB-2026,OPTSTK,PPLPHARMA,,163.40
10-FEB-2026,OPTSTK,PREMIERENE,,823.85
10-FEB-2026,OPTSTK,PRESTIGE,,1591.65
10-FEB-2026,OPTSTK,RBLBANK,,306.70
10-FEB-2026,OPTSTK,RECLTD,,355.80
10-FEB-2026,OPTSTK,RELIANCE,,1458.50
10-FEB-2026,OPTSTK,RVNL,,319.45
10-FEB-2026,OPTSTK,SAIL,,161.00
10-FEB-2026,OPTSTK,SAMMAANCAP,,147.25
10-FEB-2026,OPTSTK,SBICARD,,765.90
10-FEB-2026,OPTSTK,SBILIFE,,2018.30
10-FEB-2026,OPTSTK,SBIN,,1144.10
10-FEB-2026,OPTSTK,SHREECEM,,26524.55
10-FEB-2026,OPTSTK,SHRIRAMFIN,,1048.60
10-FEB-2026,OPTSTK,SIEMENS,,3111.45
10-FEB-2026,OPTSTK,SOLARINDS,,13423.00
10-FEB-2026,OPTSTK,SONACOMS,,531.05
10-FEB-2026,OPTSTK,SRF,,2961.90
10-FEB-2026,OPTSTK,SUNPHARMA,,1707.80
10-FEB-2026,OPTSTK,SUPREMEIND,,3690.65
10-FEB-2026,OPTSTK,SUZLON,,47.69
10-FEB-2026,OPTSTK,SWIGGY,,355.75
10-FEB-2026,OPTSTK,SYNGENE,,452.80
10-FEB-2026,OPTSTK,TATACONSUM,,1152.15
10-FEB-2026,OPTSTK,TATAELXSI,,5381.55
10-FEB-2026,OPTSTK,TATAPOWER,,369.95
10-FEB-2026,OPTSTK,TATASTEEL,,208.00
10-FEB-2026,OPTSTK,TATATECH,,630.70
10-FEB-2026,OPTSTK,TCS,,2984.60
10-FEB-2026,OPTSTK,TECHM,,1644.60
10-FEB-2026,OPTSTK,TIINDIA,,2438.60
10-FEB-2026,OPTSTK,TITAN,,4269.00
10-FEB-2026,OPTSTK,TMPV,,379.35
10-FEB-2026,OPTSTK,TORNTPHARM,,4079.60
10-FEB-2026,OPTSTK,TORNTPOWER,,1483.00
10-FEB-2026,OPTSTK,TRENT,,4184.40
10-FEB-2026,OPTSTK,TVSMOTOR,,3762.40
10-FEB-2026,OPTSTK,ULTRACEMCO,,13022.90
10-FEB-2026,OPTSTK,UNIONBANK,,179.25
10-FEB-2026,OPTSTK,UNITDSPR,,1409.90
10-FEB-2026,OPTSTK,UNOMINDA,,1231.20
10-FEB-2026,OPTSTK,UPL,,746.00
10-FEB-2026,OPTSTK,VBL,,456.50
10-FEB-2026,OPTSTK,VEDL,,690.15
10-FEB-2026,OPTSTK,VOLTAS,,1475.60
10-FEB-2026,OPTSTK,WAAREEENER,,3163.75
10-FEB-2026,OPTSTK,WIPRO,,231.50
10-FEB-2026,OPTSTK,YESBANK,,21.40
10-FEB-2026,OPTSTK,ZYDUSLIFE,,887.30
